Data_Czas,Rzeczywiste_kWh,Model_kWh,Baseline_kWh
2026-09-21 18:00:00,8.787,9.219,10.723
2026-09-21 19:00:00,4.929,6.258,5.064
2026-09-21 20:00:00,7.680,6.588,7.919
2026-09-21 21:00:00,5.788,6.013,5.393
2026-09-21 22:00:00,16.623,15.530,14.177
2026-09-21 23:00:00,14.271,14.826,12.632
2026-09-22 00:00:00,20.797,19.056,20.130
2026-09-22 01:00:00,20.173,21.134,20.706
2026-09-22 02:00:00,16.818,17.955,13.675
2026-09-22 03:00:00,18.115,18.492,17.659
2026-09-22 04:00:00,13.975,17.216,14.170
2026-09-22 05:00:00,13.062,15.685,15.546
2026-09-22 06:00:00,6.123,6.402,4.854
2026-09-22 07:00:00,6.829,6.280,5.319
2026-09-22 08:00:00,4.702,5.484,5.628
2026-09-22 09:00:00,6.962,7.063,5.876
2026-09-22 10:00:00,7.610,7.745,6.617
2026-09-22 11:00:00,7.672,6.538,6.644
2026-09-22 12:00:00,5.433,7.679,5.274
2026-09-22 13:00:00,8.568,6.740,6.663
2026-09-22 14:00:00,7.235,6.021,3.979
2026-09-22 15:00:00,7.209,6.181,4.896
2026-09-22 16:00:00,6.371,5.638,5.612
2026-09-22 17:00:00,4.450,4.734,4.397
2026-09-22 18:00:00,8.064,7.299,7.940
2026-09-22 19:00:00,4.065,5.543,5.911
2026-09-22 20:00:00,8.162,6.203,4.720
2026-09-22 21:00:00,5.310,5.804,4.228
2026-09-22 22:00:00,15.447,18.565,19.170
2026-09-22 23:00:00,12.324,17.062,11.202
2026-09-23 00:00:00,14.004,17.133,17.466
2026-09-23 01:00:00,19.306,17.411,16.356
2026-09-23 02:00:00,12.702,17.267,19.728
2026-09-23 03:00:00,14.568,16.725,19.193
2026-09-23 04:00:00,16.959,16.011,16.946
2026-09-23 05:00:00,18.428,15.470,17.531
2026-09-23 06:00:00,4.876,5.430,5.816
2026-09-23 07:00:00,5.506,5.310,4.945
2026-09-23 08:00:00,5.541,5.624,4.386
2026-09-23 09:00:00,7.003,7.323,7.939
2026-09-23 10:00:00,6.798,6.960,5.700
2026-09-23 11:00:00,5.836,6.121,5.355
2026-09-23 12:00:00,8.497,7.777,6.111
2026-09-23 13:00:00,6.746,7.404,8.261
2026-09-23 14:00:00,5.909,6.754,6.785
2026-09-23 15:00:00,6.613,6.328,5.892
2026-09-23 16:00:00,6.420,6.018,4.897
2026-09-23 17:00:00,7.356,5.669,4.157
2026-09-23 18:00:00,4.036,5.600,7.256
2026-09-23 19:00:00,4.891,5.998,6.477
2026-09-23 20:00:00,7.574,6.236,5.783
2026-09-23 21:00:00,4.802,5.378,4.761
2026-09-23 22:00:00,17.635,16.524,19.989
2026-09-23 23:00:00,15.658,17.095,16.434
2026-09-24 00:00:00,14.133,15.977,12.319
2026-09-24 01:00:00,19.152,16.307,16.328
2026-09-24 02:00:00,21.114,18.686,20.850
2026-09-24 03:00:00,17.461,18.402,19.490
2026-09-24 04:00:00,13.432,16.187,19.923
2026-09-24 05:00:00,19.097,14.585,14.071
2026-09-24 06:00:00,4.883,5.578,6.383
2026-09-24 07:00:00,5.074,5.520,6.452
2026-09-24 08:00:00,4.990,5.924,5.329
2026-09-24 09:00:00,6.118,6.984,6.468
2026-09-24 10:00:00,6.318,6.744,6.516
2026-09-24 11:00:00,9.475,6.516,5.692
2026-09-24 12:00:00,10.571,7.756,7.795
2026-09-24 13:00:00,7.778,7.603,6.235
2026-09-24 14:00:00,7.484,6.745,8.246
2026-09-24 15:00:00,6.200,6.922,9.073
2026-09-24 16:00:00,5.917,6.292,6.442
2026-09-24 17:00:00,4.699,5.910,9.929
2026-09-24 18:00:00,7.717,5.660,3.957
2026-09-24 19:00:00,8.248,6.546,7.470
2026-09-24 20:00:00,5.543,5.306,5.573
2026-09-24 21:00:00,4.863,5.982,5.425
2026-09-24 22:00:00,16.680,18.119,18.316
2026-09-24 23:00:00,15.412,17.394,17.269
2026-09-25 00:00:00,18.674,14.140,19.263
2026-09-25 01:00:00,13.871,18.463,17.793
2026-09-25 02:00:00,20.023,18.333,18.044
2026-09-25 03:00:00,18.184,15.636,13.269
2026-09-25 04:00:00,12.157,14.717,12.105
2026-09-25 05:00:00,18.802,14.773,11.803
2026-09-25 06:00:00,5.469,5.280,5.056
2026-09-25 07:00:00,5.698,5.548,5.285
2026-09-25 08:00:00,5.906,5.406,5.877
2026-09-25 09:00:00,7.107,7.193,6.835
2026-09-25 10:00:00,7.669,6.887,6.379
2026-09-25 11:00:00,7.617,6.505,6.553
2026-09-25 12:00:00,6.187,7.539,7.142
2026-09-25 13:00:00,7.698,7.344,7.885
2026-09-25 14:00:00,7.148,6.753,7.969
2026-09-25 15:00:00,6.303,6.111,8.607
2026-09-25 16:00:00,5.817,6.119,6.358
2026-09-25 17:00:00,4.724,5.819,7.344
2026-09-25 18:00:00,9.793,7.043,3.525
2026-09-25 19:00:00,7.576,5.987,7.671
2026-09-25 20:00:00,5.007,5.827,4.729
2026-09-25 21:00:00,5.854,6.146,5.714
2026-09-25 22:00:00,14.918,17.352,14.874
2026-09-25 23:00:00,11.526,16.506,14.761
2026-09-26 00:00:00,20.075,14.522,17.491
2026-09-26 01:00:00,17.777,18.346,12.785
2026-09-26 02:00:00,14.014,19.080,18.724
2026-09-26 03:00:00,18.218,20.808,14.226
2026-09-26 04:00:00,16.309,18.714,15.449
2026-09-26 05:00:00,15.049,16.401,15.390
2026-09-26 06:00:00,6.033,5.715,5.059
2026-09-26 07:00:00,4.609,5.670,4.246
2026-09-26 08:00:00,6.056,5.352,5.362
2026-09-26 09:00:00,9.223,6.713,5.447
2026-09-26 10:00:00,6.237,6.507,8.937
2026-09-26 11:00:00,7.273,6.690,6.375
2026-09-26 12:00:00,5.040,7.028,5.442
2026-09-26 13:00:00,7.613,6.933,8.906
2026-09-26 14:00:00,7.289,6.458,5.902
2026-09-26 15:00:00,6.073,6.141,6.838
2026-09-26 16:00:00,5.727,7.333,6.060
2026-09-26 17:00:00,5.065,5.584,7.154
2026-09-26 18:00:00,11.270,6.710,4.991
2026-09-26 19:00:00,20.348,21.802,22.134
2026-09-26 20:00:00,21.511,21.689,20.958
2026-09-26 21:00:00,20.187,22.102,24.272
2026-09-26 22:00:00,18.548,16.676,13.404
2026-09-26 23:00:00,15.081,16.051,19.725
2026-09-27 00:00:00,19.913,18.412,16.527
2026-09-27 01:00:00,15.364,20.727,20.199
2026-09-27 02:00:00,17.845,20.413,11.532
2026-09-27 03:00:00,20.583,20.752,13.749
2026-09-27 04:00:00,20.611,18.818,18.801
2026-09-27 05:00:00,14.619,18.958,19.706
2026-09-27 06:00:00,5.930,6.294,5.147
2026-09-27 07:00:00,6.217,6.039,5.529
2026-09-27 08:00:00,6.085,5.744,5.061
2026-09-27 09:00:00,7.528,7.489,6.570
2026-09-27 10:00:00,6.300,7.506,6.157
2026-09-27 11:00:00,5.325,6.421,6.895
2026-09-27 12:00:00,7.891,7.495,6.909
2026-09-27 13:00:00,5.957,6.789,8.306
2026-09-27 14:00:00,8.382,6.418,5.566
2026-09-27 15:00:00,6.148,6.123,6.608
2026-09-27 16:00:00,5.826,5.998,6.192
2026-09-27 17:00:00,4.158,5.617,4.837
2026-09-27 18:00:00,7.254,5.039,8.772
2026-09-27 19:00:00,24.932,21.899,22.879
2026-09-27 20:00:00,25.245,22.785,21.159
2026-09-27 21:00:00,23.125,22.357,23.013
2026-09-27 22:00:00,19.159,16.599,16.171
2026-09-27 23:00:00,18.623,15.153,20.217
2026-09-28 00:00:00,16.711,16.127,19.398
2026-09-28 01:00:00,18.274,16.180,19.419
2026-09-28 02:00:00,13.610,14.574,15.401
2026-09-28 03:00:00,16.560,14.675,19.208
2026-09-28 04:00:00,16.411,15.749,13.717
2026-09-28 05:00:00,20.141,16.376,19.473
2026-09-28 06:00:00,4.580,4.812,5.256
2026-09-28 07:00:00,5.853,4.577,5.421
2026-09-28 08:00:00,5.127,4.790,6.235
2026-09-28 09:00:00,6.911,6.593,7.348
2026-09-28 10:00:00,6.222,6.191,6.622
2026-09-28 11:00:00,5.988,6.136,7.291
2026-09-28 12:00:00,6.148,6.734,8.978
2026-09-28 13:00:00,6.282,6.567,6.315
2026-09-28 14:00:00,5.369,7.011,5.208
2026-09-28 15:00:00,5.985,5.938,7.302
2026-09-28 16:00:00,5.481,5.738,5.288
2026-09-28 17:00:00,4.049,5.082,4.138
