Data_Czas,Temperatura_C,Zachmurzenie_proc,Promieniowanie_W_m2
2026-09-28 18:00:00,17.5,95,109.0
2026-09-28 19:00:00,17.0,91,19.0
2026-09-28 20:00:00,16.3,74,0.0
2026-09-28 21:00:00,15.9,66,0.0
2026-09-28 22:00:00,15.7,93,0.0
2026-09-28 23:00:00,15.6,94,0.0
2026-09-29 00:00:00,15.3,95,0.0
2026-09-29 01:00:00,15.1,85,0.0
2026-09-29 02:00:00,15.1,99,0.0
2026-09-29 03:00:00,15.2,98,0.0
2026-09-29 04:00:00,15.3,98,0.0
2026-09-29 05:00:00,15.3,100,0.0
2026-09-29 06:00:00,15.1,100,0.0
2026-09-29 07:00:00,15.0,100,0.0
2026-09-29 08:00:00,15.4,100,3.0
2026-09-29 09:00:00,15.7,100,31.0
2026-09-29 10:00:00,16.2,100,84.0
2026-09-29 11:00:00,16.7,100,143.0
2026-09-29 12:00:00,17.2,100,180.0
2026-09-29 13:00:00,17.8,100,156.0
2026-09-29 14:00:00,18.6,100,178.0
2026-09-29 15:00:00,19.0,100,118.0
2026-09-29 16:00:00,18.9,100,114.0
2026-09-29 17:00:00,18.5,100,89.0
2026-09-29 18:00:00,17.9,100,56.0
2026-09-29 19:00:00,17.5,98,12.0
2026-09-29 20:00:00,16.9,96,0.0
2026-09-29 21:00:00,16.5,100,0.0
2026-09-29 22:00:00,16.0,100,0.0
2026-09-29 23:00:00,15.8,98,0.0
2026-09-30 00:00:00,15.7,93,0.0
2026-09-30 01:00:00,15.4,98,0.0
2026-09-30 02:00:00,15.2,100,0.0
2026-09-30 03:00:00,15.0,96,0.0
2026-09-30 04:00:00,14.9,99,0.0
2026-09-30 05:00:00,14.8,100,0.0
2026-09-30 06:00:00,14.8,100,0.0
2026-09-30 07:00:00,14.8,100,0.0
2026-09-30 08:00:00,15.0,97,11.0
2026-09-30 09:00:00,15.4,76,78.0
2026-09-30 10:00:00,16.1,64,174.0
2026-09-30 11:00:00,17.1,54,236.0
2026-09-30 12:00:00,18.3,46,361.0
2026-09-30 13:00:00,19.4,40,439.0
2026-09-30 14:00:00,19.7,57,444.0
2026-09-30 15:00:00,19.9,45,369.0
2026-09-30 16:00:00,19.6,50,321.0
2026-09-30 17:00:00,19.1,64,192.0
2026-09-30 18:00:00,18.2,56,47.0
2026-09-30 19:00:00,17.4,33,11.0
2026-09-30 20:00:00,16.3,19,0.0
2026-09-30 21:00:00,15.4,22,0.0
2026-09-30 22:00:00,15.0,16,0.0
2026-09-30 23:00:00,14.9,6,0.0
2026-10-01 00:00:00,14.8,3,0.0
2026-10-01 01:00:00,14.7,2,0.0
2026-10-01 02:00:00,14.7,2,0.0
2026-10-01 03:00:00,14.6,1,0.0
2026-10-01 04:00:00,14.5,0,0.0
2026-10-01 05:00:00,14.4,0,0.0
2026-10-01 06:00:00,14.2,0,0.0
2026-10-01 07:00:00,14.1,0,0.0
2026-10-01 08:00:00,14.2,0,19.0
2026-10-01 09:00:00,14.8,2,123.0
2026-10-01 10:00:00,15.6,52,250.0
2026-10-01 11:00:00,16.2,88,355.0
2026-10-01 12:00:00,16.6,96,425.0
2026-10-01 13:00:00,16.8,99,458.0
2026-10-01 14:00:00,16.8,100,430.0
2026-10-01 15:00:00,16.8,100,385.0
2026-10-01 16:00:00,16.6,100,258.0
2026-10-01 17:00:00,16.6,100,160.0
2026-10-01 18:00:00,16.3,98,79.0
2026-10-01 19:00:00,16.1,98,14.0
2026-10-01 20:00:00,16.0,99,0.0
2026-10-01 21:00:00,16.3,100,0.0
2026-10-01 22:00:00,16.5,100,0.0
2026-10-01 23:00:00,16.5,100,0.0
2026-10-02 00:00:00,16.6,100,0.0
2026-10-02 01:00:00,16.2,100,0.0
2026-10-02 02:00:00,15.8,100,0.0
2026-10-02 03:00:00,15.7,100,0.0
2026-10-02 04:00:00,15.7,100,0.0
2026-10-02 05:00:00,15.6,100,0.0
2026-10-02 06:00:00,15.2,100,0.0
2026-10-02 07:00:00,14.7,100,0.0
2026-10-02 08:00:00,14.5,100,9.0
2026-10-02 09:00:00,14.9,100,59.0
2026-10-02 10:00:00,15.5,100,121.0
2026-10-02 11:00:00,16.2,100,185.0
2026-10-02 12:00:00,16.9,99,285.0
2026-10-02 13:00:00,17.6,97,329.0
2026-10-02 14:00:00,18.0,96,340.0
2026-10-02 15:00:00,17.9,97,312.0
2026-10-02 16:00:00,17.4,99,263.0
2026-10-02 17:00:00,16.8,100,187.0
2026-10-02 18:00:00,16.0,100,94.0
2026-10-02 19:00:00,15.1,99,8.0
2026-10-02 20:00:00,14.3,98,0.0
2026-10-02 21:00:00,13.6,97,0.0
2026-10-02 22:00:00,13.1,96,0.0
2026-10-02 23:00:00,12.5,95,0.0
2026-10-03 00:00:00,12.0,96,0.0
2026-10-03 01:00:00,11.4,97,0.0
2026-10-03 02:00:00,11.0,98,0.0
2026-10-03 03:00:00,10.8,99,0.0
2026-10-03 04:00:00,10.6,100,0.0
2026-10-03 05:00:00,10.7,100,0.0
2026-10-03 06:00:00,11.1,100,0.0
2026-10-03 07:00:00,11.7,100,0.0
2026-10-03 08:00:00,12.3,100,5.0
2026-10-03 09:00:00,12.8,83,49.0
2026-10-03 10:00:00,13.3,61,112.0
2026-10-03 11:00:00,13.8,49,183.0
2026-10-03 12:00:00,14.4,60,304.0
2026-10-03 13:00:00,15.0,81,356.0
2026-10-03 14:00:00,15.3,91,367.0
2026-10-03 15:00:00,15.1,74,325.0
2026-10-03 16:00:00,14.6,46,275.0
2026-10-03 17:00:00,14.3,26,198.0
2026-10-03 18:00:00,14.3,26,100.0
2026-10-03 19:00:00,14.5,35,8.0
2026-10-03 20:00:00,14.4,39,0.0
2026-10-03 21:00:00,14.0,26,0.0
2026-10-03 22:00:00,13.4,9,0.0
2026-10-03 23:00:00,12.9,5,0.0
2026-10-04 00:00:00,12.8,30,0.0
2026-10-04 01:00:00,12.7,69,0.0
2026-10-04 02:00:00,12.7,98,0.0
2026-10-04 03:00:00,12.8,100,0.0
2026-10-04 04:00:00,12.8,100,0.0
2026-10-04 05:00:00,12.8,100,0.0
2026-10-04 06:00:00,12.5,71,0.0
2026-10-04 07:00:00,12.1,32,0.0
2026-10-04 08:00:00,11.8,3,5.0
2026-10-04 09:00:00,13.4,75,108.0
2026-10-04 10:00:00,13.8,65,228.0
2026-10-04 11:00:00,14.3,53,328.0
2026-10-04 12:00:00,14.7,41,396.0
2026-10-04 13:00:00,15.0,31,429.0
2026-10-04 14:00:00,15.1,27,425.0
2026-10-04 15:00:00,15.0,28,374.0
2026-10-04 16:00:00,14.7,34,302.0
2026-10-04 17:00:00,14.2,42,205.0
2026-10-04 18:00:00,13.8,51,91.0
2026-10-04 19:00:00,13.3,59,6.0
2026-10-04 20:00:00,13.0,66,0.0
2026-10-04 21:00:00,12.7,72,0.0
2026-10-04 22:00:00,12.4,78,0.0
2026-10-04 23:00:00,12.2,84,0.0
2026-10-05 00:00:00,11.9,88,0.0
2026-10-05 01:00:00,11.8,91,0.0
2026-10-05 02:00:00,11.6,91,0.0
2026-10-05 03:00:00,11.5,87,0.0
2026-10-05 04:00:00,11.3,79,0.0
2026-10-05 05:00:00,11.2,69,0.0
2026-10-05 06:00:00,11.2,59,0.0
2026-10-05 07:00:00,11.3,52,0.0
2026-10-05 08:00:00,11.7,50,6.0
2026-10-05 09:00:00,12.3,54,88.0
2026-10-05 10:00:00,13.3,62,189.0
2026-10-05 11:00:00,14.4,72,270.0
2026-10-05 12:00:00,15.5,84,321.0
2026-10-05 13:00:00,16.4,94,339.0
2026-10-05 14:00:00,17.0,100,324.0
2026-10-05 15:00:00,17.2,100,245.0
2026-10-05 16:00:00,17.1,100,192.0
2026-10-05 17:00:00,16.9,100,126.0
