Data,Urzadzenie,Start_Godzina,Czas_h,Energia_kWh
2026-08-24,Zmywarka,20,1,0.900
2026-08-25,Zmywarka,19,1,1.132
2026-08-26,Zmywarka,19,1,0.866
2026-08-27,Zmywarka,20,1,0.957
2026-08-28,Zmywarka,20,1,1.044
2026-08-28,Pralka,9,1,0.868
2026-08-28,Suszarka,10,1,1.584
2026-08-29,Zmywarka,14,1,0.858
2026-08-31,Zmywarka,20,1,1.010
2026-09-01,Pralka,13,1,0.702
2026-09-02,Zmywarka,20,1,1.177
2026-09-03,Zmywarka,20,1,1.132
2026-09-04,Zmywarka,20,1,0.999
2026-09-05,Zmywarka,14,1,0.969
2026-09-05,Pralka,10,1,0.628
2026-09-06,Zmywarka,13,1,1.199
2026-09-06,Pralka,9,1,0.919
2026-09-06,Suszarka,10,1,1.732
2026-09-07,Pralka,11,1,0.829
2026-09-07,Suszarka,12,1,2.091
2026-09-08,Zmywarka,19,1,0.928
2026-09-09,Zmywarka,20,1,1.028
2026-09-10,Zmywarka,19,1,0.801
2026-09-12,Zmywarka,13,1,0.941
2026-09-12,Pralka,11,1,0.751
2026-09-13,Zmywarka,13,1,1.017
2026-09-13,Pralka,10,1,0.819
2026-09-13,Suszarka,11,1,1.907
2026-09-14,Zmywarka,19,1,0.986
2026-09-14,Pralka,10,1,0.783
2026-09-15,Pralka,12,1,0.858
2026-09-15,Suszarka,13,1,2.343
2026-09-17,Zmywarka,19,1,1.192
2026-09-18,Zmywarka,19,1,1.100
2026-09-19,Zmywarka,14,1,0.965
2026-09-19,Pralka,9,1,0.816
2026-09-21,Zmywarka,20,1,0.918
2026-09-23,Zmywarka,20,1,0.974
2026-09-24,Zmywarka,20,1,0.957
2026-09-25,Zmywarka,19,1,0.952
2026-09-26,Zmywarka,13,1,0.853
2026-09-26,Pralka,11,1,0.894
2026-09-26,Suszarka,12,1,2.217
2026-09-27,Zmywarka,13,1,1.015
2026-09-28,Zmywarka,20,1,1.055
