Data_Czas,Dzien_Tygodnia,Godzina,Baza_kWh,Ogrzewanie_kWh,Oswietlenie_kWh,Gotowanie_kWh,RTV_PC_kWh,Duze_AGD_kWh,Calkowite_Zuzycie_kWh,Zdarzenia
2026-08-24 18:00:00,Monday,18,0.020,0.000,0.000,0.000,0.049,0.000,0.069,
2026-08-24 19:00:00,Monday,19,0.020,0.000,0.000,0.000,0.068,0.000,0.088,
2026-08-24 20:00:00,Monday,20,0.033,0.000,0.000,0.000,0.069,0.475,0.577,zmywarka
2026-08-24 21:00:00,Monday,21,0.030,0.000,0.043,0.000,0.052,0.000,0.125,
2026-08-24 22:00:00,Monday,22,0.035,0.000,0.068,0.000,0.031,0.000,0.134,
2026-08-24 23:00:00,Monday,23,0.034,0.075,0.000,0.000,0.000,0.000,0.109,
2026-08-25 00:00:00,Tuesday,0,0.034,0.098,0.000,0.000,0.000,0.000,0.132,
2026-08-25 01:00:00,Tuesday,1,0.020,0.094,0.000,0.000,0.000,0.000,0.114,
2026-08-25 02:00:00,Tuesday,2,0.042,0.123,0.000,0.000,0.000,0.000,0.165,
2026-08-25 03:00:00,Tuesday,3,0.034,0.122,0.000,0.000,0.000,0.000,0.156,
2026-08-25 04:00:00,Tuesday,4,0.025,0.116,0.000,0.000,0.000,0.000,0.141,
2026-08-25 05:00:00,Tuesday,5,0.036,0.125,0.000,0.000,0.000,0.000,0.161,
2026-08-25 06:00:00,Tuesday,6,0.033,0.192,0.000,0.000,0.037,0.000,0.262,
2026-08-25 07:00:00,Tuesday,7,0.029,0.188,0.000,0.000,0.060,0.000,0.277,
2026-08-25 08:00:00,Tuesday,8,0.030,0.188,0.000,0.000,0.063,0.000,0.281,
2026-08-25 09:00:00,Tuesday,9,0.021,0.098,0.000,0.000,0.103,0.000,0.222,praca zdalna
2026-08-25 10:00:00,Tuesday,10,0.032,0.099,0.000,0.000,0.118,0.000,0.249,praca zdalna
2026-08-25 11:00:00,Tuesday,11,0.035,0.000,0.000,0.000,0.088,0.000,0.123,praca zdalna
2026-08-25 12:00:00,Tuesday,12,0.031,0.000,0.000,0.000,0.087,0.000,0.118,praca zdalna
2026-08-25 13:00:00,Tuesday,13,0.030,0.000,0.000,0.000,0.100,0.000,0.130,praca zdalna
2026-08-25 14:00:00,Tuesday,14,0.028,0.000,0.000,0.000,0.094,0.382,0.504,praca zdalna; pralka
2026-08-25 15:00:00,Tuesday,15,0.024,0.000,0.000,0.000,0.079,0.647,0.750,praca zdalna; suszarka
2026-08-25 16:00:00,Tuesday,16,0.029,0.000,0.000,0.000,0.106,0.000,0.135,praca zdalna
2026-08-25 17:00:00,Tuesday,17,0.032,0.000,0.000,0.389,0.056,0.000,0.477,
2026-08-25 18:00:00,Tuesday,18,0.020,0.000,0.000,0.000,0.042,0.000,0.062,
2026-08-25 19:00:00,Tuesday,19,0.024,0.000,0.000,0.000,0.048,0.000,0.072,
2026-08-25 20:00:00,Tuesday,20,0.020,0.000,0.000,0.000,0.052,0.000,0.072,
2026-08-25 21:00:00,Tuesday,21,0.031,0.000,0.040,0.000,0.042,0.000,0.113,
2026-08-25 22:00:00,Tuesday,22,0.027,0.000,0.063,0.000,0.054,0.000,0.144,
2026-08-25 23:00:00,Tuesday,23,0.035,0.000,0.000,0.000,0.000,0.000,0.035,
2026-08-26 00:00:00,Wednesday,0,0.021,0.000,0.000,0.000,0.000,0.000,0.021,
2026-08-26 01:00:00,Wednesday,1,0.029,0.066,0.000,0.000,0.000,0.000,0.095,
2026-08-26 02:00:00,Wednesday,2,0.030,0.070,0.000,0.000,0.000,0.000,0.100,
2026-08-26 03:00:00,Wednesday,3,0.035,0.086,0.000,0.000,0.000,0.000,0.121,
2026-08-26 04:00:00,Wednesday,4,0.039,0.093,0.000,0.000,0.000,0.000,0.132,
2026-08-26 05:00:00,Wednesday,5,0.036,0.098,0.000,0.000,0.000,0.000,0.134,
2026-08-26 06:00:00,Wednesday,6,0.033,0.150,0.000,0.000,0.055,0.000,0.238,
2026-08-26 07:00:00,Wednesday,7,0.026,0.147,0.000,0.000,0.059,0.000,0.232,
2026-08-26 08:00:00,Wednesday,8,0.028,0.128,0.000,0.000,0.038,0.000,0.194,
2026-08-26 09:00:00,Wednesday,9,0.033,0.093,0.000,0.000,0.135,0.000,0.261,praca zdalna
2026-08-26 10:00:00,Wednesday,10,0.023,0.078,0.000,0.000,0.112,0.000,0.213,praca zdalna
2026-08-26 11:00:00,Wednesday,11,0.020,0.000,0.000,0.000,0.066,0.000,0.086,praca zdalna
2026-08-26 12:00:00,Wednesday,12,0.032,0.000,0.000,0.000,0.146,0.000,0.178,praca zdalna
2026-08-26 13:00:00,Wednesday,13,0.032,0.000,0.000,0.000,0.136,0.000,0.168,praca zdalna
2026-08-26 14:00:00,Wednesday,14,0.024,0.000,0.000,0.000,0.104,0.000,0.128,praca zdalna
2026-08-26 15:00:00,Wednesday,15,0.023,0.000,0.000,0.000,0.128,0.000,0.151,praca zdalna
2026-08-26 16:00:00,Wednesday,16,0.032,0.000,0.000,0.000,0.141,0.000,0.173,praca zdalna
2026-08-26 17:00:00,Wednesday,17,0.022,0.000,0.000,0.254,0.046,0.000,0.322,
2026-08-26 18:00:00,Wednesday,18,0.024,0.000,0.000,0.000,0.070,0.000,0.094,
2026-08-26 19:00:00,Wednesday,19,0.032,0.000,0.000,0.000,0.043,0.366,0.441,zmywarka
2026-08-26 20:00:00,Wednesday,20,0.020,0.000,0.000,0.000,0.060,0.000,0.080,
2026-08-26 21:00:00,Wednesday,21,0.026,0.000,0.051,0.000,0.063,0.000,0.140,
2026-08-26 22:00:00,Wednesday,22,0.030,0.000,0.042,0.000,0.056,0.000,0.128,
2026-08-26 23:00:00,Wednesday,23,0.035,0.060,0.000,0.000,0.000,0.000,0.095,
2026-08-27 00:00:00,Thursday,0,0.044,0.091,0.000,0.000,0.000,0.000,0.135,
2026-08-27 01:00:00,Thursday,1,0.028,0.094,0.000,0.000,0.000,0.000,0.122,
2026-08-27 02:00:00,Thursday,2,0.026,0.102,0.000,0.000,0.000,0.000,0.128,
2026-08-27 03:00:00,Thursday,3,0.023,0.123,0.000,0.000,0.000,0.000,0.146,
2026-08-27 04:00:00,Thursday,4,0.030,0.131,0.000,0.000,0.000,0.000,0.161,
2026-08-27 05:00:00,Thursday,5,0.039,0.150,0.000,0.000,0.000,0.000,0.189,
2026-08-27 06:00:00,Thursday,6,0.029,0.200,0.000,0.000,0.049,0.000,0.278,
2026-08-27 07:00:00,Thursday,7,0.022,0.196,0.000,0.000,0.030,0.000,0.248,
2026-08-27 08:00:00,Thursday,8,0.024,0.154,0.000,0.000,0.050,0.000,0.228,
2026-08-27 09:00:00,Thursday,9,0.023,0.124,0.000,0.000,0.000,0.000,0.147,
2026-08-27 10:00:00,Thursday,10,0.036,0.074,0.000,0.000,0.000,0.000,0.110,
2026-08-27 11:00:00,Thursday,11,0.029,0.000,0.000,0.000,0.000,0.000,0.029,
2026-08-27 12:00:00,Thursday,12,0.036,0.000,0.000,0.000,0.000,0.000,0.036,
2026-08-27 13:00:00,Thursday,13,0.021,0.000,0.000,0.000,0.000,0.000,0.021,
2026-08-27 14:00:00,Thursday,14,0.030,0.000,0.000,0.000,0.000,0.000,0.030,
2026-08-27 15:00:00,Thursday,15,0.022,0.000,0.000,0.000,0.000,0.000,0.022,
2026-08-27 16:00:00,Thursday,16,0.026,0.000,0.000,0.000,0.000,0.000,0.026,
2026-08-27 17:00:00,Thursday,17,0.033,0.000,0.000,0.000,0.064,0.000,0.097,
2026-08-27 18:00:00,Thursday,18,0.020,0.000,0.000,0.382,0.030,0.000,0.432,
2026-08-27 19:00:00,Thursday,19,0.025,0.000,0.000,0.000,0.069,0.326,0.420,zmywarka
2026-08-27 20:00:00,Thursday,20,0.029,0.000,0.082,0.000,0.047,0.000,0.158,
2026-08-27 21:00:00,Thursday,21,0.034,0.065,0.065,0.000,0.065,0.000,0.229,
2026-08-27 22:00:00,Thursday,22,0.027,0.000,0.089,0.000,0.050,0.000,0.166,
2026-08-27 23:00:00,Thursday,23,0.034,0.062,0.000,0.000,0.000,0.000,0.096,
2026-08-28 00:00:00,Friday,0,0.034,0.064,0.000,0.000,0.000,0.000,0.098,
2026-08-28 01:00:00,Friday,1,0.031,0.069,0.000,0.000,0.000,0.000,0.100,
2026-08-28 02:00:00,Friday,2,0.033,0.067,0.000,0.000,0.000,0.000,0.100,
2026-08-28 03:00:00,Friday,3,0.023,0.069,0.000,0.000,0.000,0.000,0.092,
2026-08-28 04:00:00,Friday,4,0.023,0.000,0.000,0.000,0.000,0.000,0.023,
2026-08-28 05:00:00,Friday,5,0.038,0.000,0.000,0.000,0.000,0.000,0.038,
2026-08-28 06:00:00,Friday,6,0.020,0.083,0.000,0.000,0.068,0.000,0.171,
2026-08-28 07:00:00,Friday,7,0.025,0.079,0.000,0.000,0.044,0.000,0.148,
2026-08-28 08:00:00,Friday,8,0.023,0.057,0.000,0.000,0.051,0.000,0.131,
2026-08-28 09:00:00,Friday,9,0.026,0.000,0.000,0.000,0.134,0.000,0.160,praca zdalna
2026-08-28 10:00:00,Friday,10,0.028,0.000,0.000,0.000,0.135,0.000,0.163,praca zdalna
2026-08-28 11:00:00,Friday,11,0.030,0.000,0.000,0.000,0.115,0.000,0.145,praca zdalna
2026-08-28 12:00:00,Friday,12,0.027,0.000,0.000,0.000,0.093,0.000,0.120,praca zdalna
2026-08-28 13:00:00,Friday,13,0.031,0.000,0.000,0.000,0.131,0.000,0.162,praca zdalna
2026-08-28 14:00:00,Friday,14,0.020,0.086,0.000,0.000,0.089,0.000,0.195,praca zdalna
2026-08-28 15:00:00,Friday,15,0.030,0.084,0.000,0.000,0.146,0.000,0.260,praca zdalna
2026-08-28 16:00:00,Friday,16,0.028,0.076,0.000,0.000,0.120,0.000,0.224,praca zdalna
2026-08-28 17:00:00,Friday,17,0.025,0.000,0.000,0.425,0.038,0.000,0.488,
2026-08-28 18:00:00,Friday,18,0.023,0.000,0.000,0.000,0.053,0.000,0.076,
2026-08-28 19:00:00,Friday,19,0.033,0.000,0.000,0.000,0.065,0.454,0.552,zmywarka
2026-08-28 20:00:00,Friday,20,0.029,0.000,0.068,0.000,0.041,0.000,0.138,
2026-08-28 21:00:00,Friday,21,0.021,0.067,0.079,0.000,0.058,0.000,0.225,
2026-08-28 22:00:00,Friday,22,0.031,0.000,0.100,0.000,0.046,0.000,0.177,
2026-08-28 23:00:00,Friday,23,0.022,0.000,0.000,0.000,0.000,0.000,0.022,
2026-08-29 00:00:00,Saturday,0,0.021,0.070,0.000,0.000,0.000,0.000,0.091,
2026-08-29 01:00:00,Saturday,1,0.045,0.064,0.000,0.000,0.000,0.000,0.109,
2026-08-29 02:00:00,Saturday,2,0.039,0.067,0.000,0.000,0.000,0.000,0.106,
2026-08-29 03:00:00,Saturday,3,0.030,0.081,0.000,0.000,0.000,0.000,0.111,
2026-08-29 04:00:00,Saturday,4,0.022,0.084,0.000,0.000,0.000,0.000,0.106,
2026-08-29 05:00:00,Saturday,5,0.030,0.092,0.000,0.000,0.000,0.000,0.122,
2026-08-29 06:00:00,Saturday,6,0.023,0.126,0.000,0.000,0.037,0.000,0.186,
2026-08-29 07:00:00,Saturday,7,0.026,0.124,0.000,0.000,0.066,0.000,0.216,
2026-08-29 08:00:00,Saturday,8,0.033,0.126,0.000,0.000,0.031,0.000,0.190,
2026-08-29 09:00:00,Saturday,9,0.031,0.116,0.000,0.000,0.000,0.000,0.147,
2026-08-29 10:00:00,Saturday,10,0.031,0.108,0.000,0.000,0.000,0.364,0.503,pralka
2026-08-29 11:00:00,Saturday,11,0.033,0.098,0.000,0.000,0.000,0.000,0.131,
2026-08-29 12:00:00,Saturday,12,0.034,0.056,0.000,0.000,0.000,0.000,0.090,
2026-08-29 13:00:00,Saturday,13,0.028,0.077,0.000,0.000,0.000,0.000,0.105,
2026-08-29 14:00:00,Saturday,14,0.031,0.072,0.000,0.000,0.000,0.000,0.103,
2026-08-29 15:00:00,Saturday,15,0.024,0.073,0.000,0.000,0.000,0.000,0.097,
2026-08-29 16:00:00,Saturday,16,0.020,0.000,0.000,0.000,0.000,0.000,0.020,
2026-08-29 17:00:00,Saturday,17,0.020,0.000,0.000,0.348,0.067,0.000,0.435,
2026-08-29 18:00:00,Saturday,18,0.032,0.000,0.000,0.000,0.044,0.000,0.076,
2026-08-29 19:00:00,Saturday,19,0.033,0.000,0.000,0.000,0.047,0.000,0.080,
2026-08-29 20:00:00,Saturday,20,0.022,0.063,0.000,0.000,0.041,0.000,0.126,
2026-08-29 21:00:00,Saturday,21,0.021,0.083,0.090,0.000,0.041,0.000,0.235,
2026-08-29 22:00:00,Saturday,22,0.028,0.000,0.100,0.000,0.063,0.000,0.191,
2026-08-29 23:00:00,Saturday,23,0.043,0.077,0.000,0.000,0.000,0.000,0.120,
2026-08-30 00:00:00,Sunday,0,0.026,0.000,0.000,0.000,0.000,0.000,0.026,wyjazd / nieobecność
2026-08-30 01:00:00,Sunday,1,0.034,0.000,0.000,0.000,0.000,0.000,0.034,wyjazd / nieobecność
2026-08-30 02:00:00,Sunday,2,0.030,0.000,0.000,0.000,0.000,0.000,0.030,wyjazd / nieobecność
2026-08-30 03:00:00,Sunday,3,0.028,0.000,0.000,0.000,0.000,0.000,0.028,wyjazd / nieobecność
2026-08-30 04:00:00,Sunday,4,0.024,0.000,0.000,0.000,0.000,0.000,0.024,wyjazd / nieobecność
2026-08-30 05:00:00,Sunday,5,0.033,0.000,0.000,0.000,0.000,0.000,0.033,wyjazd / nieobecność
2026-08-30 06:00:00,Sunday,6,0.028,0.000,0.000,0.000,0.000,0.000,0.028,wyjazd / nieobecność
2026-08-30 07:00:00,Sunday,7,0.027,0.000,0.000,0.000,0.000,0.000,0.027,wyjazd / nieobecność
2026-08-30 08:00:00,Sunday,8,0.022,0.000,0.000,0.000,0.000,0.000,0.022,wyjazd / nieobecność
2026-08-30 09:00:00,Sunday,9,0.031,0.000,0.000,0.000,0.000,0.000,0.031,wyjazd / nieobecność
2026-08-30 10:00:00,Sunday,10,0.027,0.000,0.000,0.000,0.000,0.000,0.027,wyjazd / nieobecność
2026-08-30 11:00:00,Sunday,11,0.026,0.000,0.000,0.000,0.000,0.000,0.026,wyjazd / nieobecność
2026-08-30 12:00:00,Sunday,12,0.023,0.000,0.000,0.000,0.000,0.000,0.023,wyjazd / nieobecność
2026-08-30 13:00:00,Sunday,13,0.032,0.000,0.000,0.000,0.000,0.000,0.032,wyjazd / nieobecność
2026-08-30 14:00:00,Sunday,14,0.036,0.000,0.000,0.000,0.000,0.000,0.036,wyjazd / nieobecność
2026-08-30 15:00:00,Sunday,15,0.021,0.000,0.000,0.000,0.000,0.000,0.021,wyjazd / nieobecność
2026-08-30 16:00:00,Sunday,16,0.034,0.000,0.000,0.000,0.000,0.000,0.034,wyjazd / nieobecność
2026-08-30 17:00:00,Sunday,17,0.026,0.000,0.000,0.000,0.000,0.000,0.026,wyjazd / nieobecność
2026-08-30 18:00:00,Sunday,18,0.022,0.000,0.000,0.000,0.000,0.000,0.022,wyjazd / nieobecność
2026-08-30 19:00:00,Sunday,19,0.025,0.000,0.000,0.000,0.000,0.000,0.025,wyjazd / nieobecność
2026-08-30 20:00:00,Sunday,20,0.034,0.000,0.000,0.000,0.000,0.000,0.034,wyjazd / nieobecność
2026-08-30 21:00:00,Sunday,21,0.034,0.000,0.000,0.000,0.000,0.000,0.034,wyjazd / nieobecność
2026-08-30 22:00:00,Sunday,22,0.032,0.000,0.000,0.000,0.000,0.000,0.032,wyjazd / nieobecność
2026-08-30 23:00:00,Sunday,23,0.028,0.000,0.000,0.000,0.000,0.000,0.028,wyjazd / nieobecność
2026-08-31 00:00:00,Monday,0,0.034,0.085,0.000,0.000,0.000,0.000,0.119,
2026-08-31 01:00:00,Monday,1,0.029,0.121,0.000,0.000,0.000,0.000,0.150,
2026-08-31 02:00:00,Monday,2,0.035,0.115,0.000,0.000,0.000,0.000,0.150,
2026-08-31 03:00:00,Monday,3,0.034,0.105,0.000,0.000,0.000,0.000,0.139,
2026-08-31 04:00:00,Monday,4,0.046,0.148,0.000,0.000,0.000,0.000,0.194,
2026-08-31 05:00:00,Monday,5,0.033,0.154,0.000,0.000,0.000,0.000,0.187,
2026-08-31 06:00:00,Monday,6,0.021,0.164,0.000,0.000,0.056,0.000,0.241,
2026-08-31 07:00:00,Monday,7,0.030,0.187,0.000,0.000,0.044,0.000,0.261,
2026-08-31 08:00:00,Monday,8,0.031,0.149,0.000,0.000,0.059,0.000,0.239,
2026-08-31 09:00:00,Monday,9,0.030,0.116,0.000,0.000,0.093,0.000,0.239,praca zdalna
2026-08-31 10:00:00,Monday,10,0.028,0.104,0.000,0.000,0.082,0.000,0.214,praca zdalna
2026-08-31 11:00:00,Monday,11,0.031,0.088,0.000,0.000,0.135,0.000,0.254,praca zdalna
2026-08-31 12:00:00,Monday,12,0.035,0.077,0.000,0.000,0.086,0.000,0.198,praca zdalna
2026-08-31 13:00:00,Monday,13,0.024,0.060,0.000,0.000,0.111,0.000,0.195,praca zdalna
2026-08-31 14:00:00,Monday,14,0.031,0.000,0.000,0.000,0.099,0.000,0.130,praca zdalna
2026-08-31 15:00:00,Monday,15,0.024,0.000,0.000,0.000,0.093,0.000,0.117,praca zdalna
2026-08-31 16:00:00,Monday,16,0.034,0.000,0.000,0.000,0.097,0.000,0.131,praca zdalna
2026-08-31 17:00:00,Monday,17,0.028,0.000,0.000,0.000,0.068,0.000,0.096,
2026-08-31 18:00:00,Monday,18,0.023,0.000,0.000,0.760,0.037,0.000,0.820,
2026-08-31 19:00:00,Monday,19,0.032,0.108,0.000,0.000,0.040,0.427,0.607,zmywarka
2026-08-31 20:00:00,Monday,20,0.033,0.100,0.116,0.000,0.055,0.000,0.304,
2026-08-31 21:00:00,Monday,21,0.028,0.114,0.048,0.000,0.042,0.000,0.232,
2026-08-31 22:00:00,Monday,22,0.024,0.074,0.082,0.000,0.057,0.000,0.237,
2026-08-31 23:00:00,Monday,23,0.033,0.084,0.000,0.000,0.000,0.000,0.117,
2026-09-01 00:00:00,Tuesday,0,0.023,0.091,0.000,0.000,0.000,0.000,0.114,
2026-09-01 01:00:00,Tuesday,1,0.036,0.101,0.000,0.000,0.000,0.000,0.137,
2026-09-01 02:00:00,Tuesday,2,0.035,0.108,0.000,0.000,0.000,0.000,0.143,
2026-09-01 03:00:00,Tuesday,3,0.038,0.126,0.000,0.000,0.000,0.000,0.164,
2026-09-01 04:00:00,Tuesday,4,0.026,0.144,0.000,0.000,0.000,0.000,0.170,
2026-09-01 05:00:00,Tuesday,5,0.042,0.139,0.000,0.000,0.000,0.000,0.181,
2026-09-01 06:00:00,Tuesday,6,0.020,0.161,0.093,0.000,0.060,0.000,0.334,
2026-09-01 07:00:00,Tuesday,7,0.030,0.168,0.000,0.000,0.065,0.000,0.263,
2026-09-01 08:00:00,Tuesday,8,0.030,0.153,0.000,0.000,0.034,0.000,0.217,
2026-09-01 09:00:00,Tuesday,9,0.021,0.131,0.000,0.000,0.000,0.000,0.152,
2026-09-01 10:00:00,Tuesday,10,0.030,0.087,0.000,0.000,0.000,0.000,0.117,
2026-09-01 11:00:00,Tuesday,11,0.034,0.074,0.000,0.000,0.000,0.000,0.108,
2026-09-01 12:00:00,Tuesday,12,0.029,0.000,0.000,0.000,0.000,0.000,0.029,
2026-09-01 13:00:00,Tuesday,13,0.026,0.000,0.000,0.000,0.000,0.000,0.026,
2026-09-01 14:00:00,Tuesday,14,0.035,0.000,0.000,0.000,0.000,0.284,0.319,pralka
2026-09-01 15:00:00,Tuesday,15,0.023,0.000,0.000,0.000,0.000,0.854,0.877,suszarka
2026-09-01 16:00:00,Tuesday,16,0.020,0.000,0.000,0.000,0.000,0.000,0.020,
2026-09-01 17:00:00,Tuesday,17,0.026,0.000,0.000,0.364,0.033,0.000,0.423,
2026-09-01 18:00:00,Tuesday,18,0.030,0.000,0.000,0.000,0.045,0.000,0.075,
2026-09-01 19:00:00,Tuesday,19,0.030,0.000,0.065,0.000,0.041,0.000,0.136,
2026-09-01 20:00:00,Tuesday,20,0.034,0.000,0.075,0.000,0.032,0.436,0.577,zmywarka
2026-09-01 21:00:00,Tuesday,21,0.033,0.073,0.065,0.000,0.044,0.000,0.215,
2026-09-01 22:00:00,Tuesday,22,0.022,0.064,0.048,0.000,0.040,0.000,0.174,
2026-09-01 23:00:00,Tuesday,23,0.029,0.074,0.000,0.000,0.000,0.000,0.103,
2026-09-02 00:00:00,Wednesday,0,0.036,0.000,0.000,0.000,0.000,0.000,0.036,wyjazd / nieobecność
2026-09-02 01:00:00,Wednesday,1,0.032,0.000,0.000,0.000,0.000,0.000,0.032,wyjazd / nieobecność
2026-09-02 02:00:00,Wednesday,2,0.028,0.000,0.000,0.000,0.000,0.000,0.028,wyjazd / nieobecność
2026-09-02 03:00:00,Wednesday,3,0.032,0.000,0.000,0.000,0.000,0.000,0.032,wyjazd / nieobecność
2026-09-02 04:00:00,Wednesday,4,0.025,0.082,0.000,0.000,0.000,0.000,0.107,wyjazd / nieobecność
2026-09-02 05:00:00,Wednesday,5,0.030,0.079,0.000,0.000,0.000,0.000,0.109,wyjazd / nieobecność
2026-09-02 06:00:00,Wednesday,6,0.020,0.092,0.000,0.000,0.000,0.000,0.112,wyjazd / nieobecność
2026-09-02 07:00:00,Wednesday,7,0.028,0.070,0.000,0.000,0.000,0.000,0.098,wyjazd / nieobecność
2026-09-02 08:00:00,Wednesday,8,0.032,0.000,0.000,0.000,0.000,0.000,0.032,wyjazd / nieobecność
2026-09-02 09:00:00,Wednesday,9,0.024,0.000,0.000,0.000,0.053,0.000,0.077,wyjazd / nieobecność; praca zdalna
2026-09-02 10:00:00,Wednesday,10,0.029,0.000,0.000,0.000,0.050,0.000,0.079,wyjazd / nieobecność; praca zdalna
2026-09-02 11:00:00,Wednesday,11,0.031,0.000,0.000,0.000,0.037,0.000,0.068,wyjazd / nieobecność; praca zdalna
2026-09-02 12:00:00,Wednesday,12,0.033,0.000,0.000,0.000,0.034,0.000,0.067,wyjazd / nieobecność; praca zdalna
2026-09-02 13:00:00,Wednesday,13,0.030,0.000,0.000,0.000,0.074,0.000,0.104,wyjazd / nieobecność; praca zdalna
2026-09-02 14:00:00,Wednesday,14,0.025,0.000,0.000,0.000,0.036,0.000,0.061,wyjazd / nieobecność; praca zdalna
2026-09-02 15:00:00,Wednesday,15,0.021,0.000,0.000,0.000,0.057,0.000,0.078,wyjazd / nieobecność; praca zdalna
2026-09-02 16:00:00,Wednesday,16,0.024,0.000,0.000,0.000,0.041,0.000,0.065,wyjazd / nieobecność; praca zdalna
2026-09-02 17:00:00,Wednesday,17,0.035,0.000,0.000,0.000,0.000,0.000,0.035,wyjazd / nieobecność
2026-09-02 18:00:00,Wednesday,18,0.030,0.000,0.000,0.000,0.000,0.000,0.030,wyjazd / nieobecność
2026-09-02 19:00:00,Wednesday,19,0.026,0.000,0.000,0.000,0.000,0.000,0.026,wyjazd / nieobecność
2026-09-02 20:00:00,Wednesday,20,0.024,0.000,0.000,0.000,0.000,0.000,0.024,wyjazd / nieobecność
2026-09-02 21:00:00,Wednesday,21,0.028,0.000,0.000,0.000,0.000,0.000,0.028,wyjazd / nieobecność
2026-09-02 22:00:00,Wednesday,22,0.020,0.000,0.000,0.000,0.000,0.000,0.020,wyjazd / nieobecność
2026-09-02 23:00:00,Wednesday,23,0.024,0.000,0.000,0.000,0.000,0.000,0.024,wyjazd / nieobecność
2026-09-03 00:00:00,Thursday,0,0.028,0.000,0.000,0.000,0.000,0.000,0.028,wyjazd / nieobecność
2026-09-03 01:00:00,Thursday,1,0.028,0.000,0.000,0.000,0.000,0.000,0.028,wyjazd / nieobecność
2026-09-03 02:00:00,Thursday,2,0.035,0.000,0.000,0.000,0.000,0.000,0.035,wyjazd / nieobecność
2026-09-03 03:00:00,Thursday,3,0.021,0.000,0.000,0.000,0.000,0.000,0.021,wyjazd / nieobecność
2026-09-03 04:00:00,Thursday,4,0.031,0.000,0.000,0.000,0.000,0.000,0.031,wyjazd / nieobecność
2026-09-03 05:00:00,Thursday,5,0.030,0.000,0.000,0.000,0.000,0.000,0.030,wyjazd / nieobecność
2026-09-03 06:00:00,Thursday,6,0.024,0.000,0.000,0.000,0.000,0.000,0.024,wyjazd / nieobecność
2026-09-03 07:00:00,Thursday,7,0.025,0.000,0.000,0.000,0.000,0.000,0.025,wyjazd / nieobecność
2026-09-03 08:00:00,Thursday,8,0.022,0.000,0.000,0.000,0.000,0.000,0.022,wyjazd / nieobecność
2026-09-03 09:00:00,Thursday,9,0.026,0.000,0.000,0.000,0.000,0.000,0.026,wyjazd / nieobecność
2026-09-03 10:00:00,Thursday,10,0.032,0.000,0.000,0.000,0.000,0.000,0.032,wyjazd / nieobecność
2026-09-03 11:00:00,Thursday,11,0.034,0.000,0.000,0.000,0.000,0.000,0.034,wyjazd / nieobecność
2026-09-03 12:00:00,Thursday,12,0.031,0.000,0.000,0.000,0.000,0.000,0.031,wyjazd / nieobecność
2026-09-03 13:00:00,Thursday,13,0.031,0.000,0.000,0.000,0.000,0.000,0.031,wyjazd / nieobecność
2026-09-03 14:00:00,Thursday,14,0.032,0.000,0.000,0.000,0.000,0.000,0.032,wyjazd / nieobecność
2026-09-03 15:00:00,Thursday,15,0.034,0.000,0.000,0.000,0.000,0.000,0.034,wyjazd / nieobecność
2026-09-03 16:00:00,Thursday,16,0.033,0.000,0.000,0.000,0.000,0.000,0.033,wyjazd / nieobecność
2026-09-03 17:00:00,Thursday,17,0.033,0.000,0.000,0.000,0.000,0.000,0.033,wyjazd / nieobecność
2026-09-03 18:00:00,Thursday,18,0.025,0.000,0.000,0.000,0.000,0.000,0.025,wyjazd / nieobecność
2026-09-03 19:00:00,Thursday,19,0.034,0.000,0.000,0.000,0.000,0.000,0.034,wyjazd / nieobecność
2026-09-03 20:00:00,Thursday,20,0.029,0.000,0.000,0.000,0.000,0.000,0.029,wyjazd / nieobecność
2026-09-03 21:00:00,Thursday,21,0.032,0.000,0.000,0.000,0.000,0.000,0.032,wyjazd / nieobecność
2026-09-03 22:00:00,Thursday,22,0.025,0.000,0.000,0.000,0.000,0.000,0.025,wyjazd / nieobecność
2026-09-03 23:00:00,Thursday,23,0.024,0.000,0.000,0.000,0.000,0.000,0.024,wyjazd / nieobecność
2026-09-04 00:00:00,Friday,0,0.040,0.072,0.000,0.000,0.000,0.000,0.112,
2026-09-04 01:00:00,Friday,1,0.021,0.081,0.000,0.000,0.000,0.000,0.102,
2026-09-04 02:00:00,Friday,2,0.020,0.086,0.000,0.000,0.000,0.000,0.106,
2026-09-04 03:00:00,Friday,3,0.038,0.094,0.000,0.000,0.000,0.000,0.132,
2026-09-04 04:00:00,Friday,4,0.033,0.118,0.000,0.000,0.000,0.000,0.151,
2026-09-04 05:00:00,Friday,5,0.036,0.112,0.000,0.000,0.000,0.000,0.148,
2026-09-04 06:00:00,Friday,6,0.034,0.151,0.074,0.000,0.031,0.000,0.290,
2026-09-04 07:00:00,Friday,7,0.032,0.158,0.000,0.000,0.046,0.000,0.236,
2026-09-04 08:00:00,Friday,8,0.031,0.178,0.000,0.000,0.036,0.000,0.245,
2026-09-04 09:00:00,Friday,9,0.034,0.150,0.000,0.000,0.000,0.000,0.184,
2026-09-04 10:00:00,Friday,10,0.025,0.138,0.000,0.000,0.000,0.000,0.163,
2026-09-04 11:00:00,Friday,11,0.020,0.139,0.000,0.000,0.000,0.000,0.159,
2026-09-04 12:00:00,Friday,12,0.036,0.135,0.000,0.000,0.000,0.000,0.171,
2026-09-04 13:00:00,Friday,13,0.033,0.117,0.000,0.000,0.000,0.000,0.150,
2026-09-04 14:00:00,Friday,14,0.032,0.140,0.000,0.000,0.000,0.000,0.172,
2026-09-04 15:00:00,Friday,15,0.032,0.136,0.000,0.000,0.000,0.000,0.168,
2026-09-04 16:00:00,Friday,16,0.025,0.162,0.000,0.000,0.000,0.000,0.187,
2026-09-04 17:00:00,Friday,17,0.020,0.114,0.000,0.305,0.070,0.000,0.509,
2026-09-04 18:00:00,Friday,18,0.022,0.134,0.000,0.000,0.053,0.000,0.209,
2026-09-04 19:00:00,Friday,19,0.028,0.144,0.063,0.000,0.064,0.429,0.728,zmywarka
2026-09-04 20:00:00,Friday,20,0.029,0.145,0.069,0.000,0.066,0.000,0.309,
2026-09-04 21:00:00,Friday,21,0.035,0.222,0.088,0.000,0.058,0.000,0.403,
2026-09-04 22:00:00,Friday,22,0.032,0.124,0.108,0.000,0.040,0.000,0.304,
2026-09-04 23:00:00,Friday,23,0.041,0.144,0.000,0.000,0.000,0.000,0.185,
2026-09-05 00:00:00,Saturday,0,0.036,0.142,0.000,0.000,0.000,0.000,0.178,
2026-09-05 01:00:00,Saturday,1,0.033,0.135,0.000,0.000,0.000,0.000,0.168,
2026-09-05 02:00:00,Saturday,2,0.036,0.139,0.000,0.000,0.000,0.000,0.175,
2026-09-05 03:00:00,Saturday,3,0.031,0.174,0.000,0.000,0.000,0.000,0.205,
2026-09-05 04:00:00,Saturday,4,0.028,0.154,0.000,0.000,0.000,0.000,0.182,
2026-09-05 05:00:00,Saturday,5,0.026,0.165,0.000,0.000,0.000,0.000,0.191,
2026-09-05 06:00:00,Saturday,6,0.028,0.230,0.076,0.000,0.040,0.000,0.374,
2026-09-05 07:00:00,Saturday,7,0.034,0.204,0.000,0.000,0.052,0.000,0.290,
2026-09-05 08:00:00,Saturday,8,0.032,0.168,0.000,0.000,0.062,0.000,0.262,
2026-09-05 09:00:00,Saturday,9,0.028,0.148,0.000,0.000,0.000,0.000,0.176,
2026-09-05 10:00:00,Saturday,10,0.035,0.150,0.000,0.000,0.000,0.000,0.185,
2026-09-05 11:00:00,Saturday,11,0.032,0.130,0.000,0.000,0.000,0.308,0.470,pralka
2026-09-05 12:00:00,Saturday,12,0.024,0.108,0.000,0.000,0.000,0.000,0.132,
2026-09-05 13:00:00,Saturday,13,0.035,0.092,0.000,0.000,0.000,0.431,0.558,zmywarka
2026-09-05 14:00:00,Saturday,14,0.029,0.060,0.000,0.000,0.000,0.000,0.089,
2026-09-05 15:00:00,Saturday,15,0.029,0.056,0.000,0.000,0.000,0.000,0.085,
2026-09-05 16:00:00,Saturday,16,0.028,0.068,0.000,0.000,0.000,0.000,0.096,
2026-09-05 17:00:00,Saturday,17,0.034,0.080,0.000,0.000,0.049,0.000,0.163,
2026-09-05 18:00:00,Saturday,18,0.025,0.098,0.000,0.318,0.048,0.000,0.489,
2026-09-05 19:00:00,Saturday,19,0.024,0.118,0.000,0.000,0.039,0.000,0.181,
2026-09-05 20:00:00,Saturday,20,0.022,0.145,0.088,0.000,0.065,0.000,0.320,
2026-09-05 21:00:00,Saturday,21,0.034,0.156,0.063,0.000,0.048,0.000,0.301,
2026-09-05 22:00:00,Saturday,22,0.025,0.112,0.058,0.000,0.069,0.000,0.264,
2026-09-05 23:00:00,Saturday,23,0.041,0.110,0.000,0.000,0.000,0.000,0.151,
2026-09-06 00:00:00,Sunday,0,0.034,0.129,0.000,0.000,0.000,0.000,0.163,
2026-09-06 01:00:00,Sunday,1,0.042,0.130,0.000,0.000,0.000,0.000,0.172,
2026-09-06 02:00:00,Sunday,2,0.025,0.118,0.000,0.000,0.000,0.000,0.143,
2026-09-06 03:00:00,Sunday,3,0.031,0.137,0.000,0.000,0.000,0.000,0.168,
2026-09-06 04:00:00,Sunday,4,0.032,0.136,0.000,0.000,0.000,0.000,0.168,
2026-09-06 05:00:00,Sunday,5,0.030,0.150,0.000,0.000,0.000,0.000,0.180,
2026-09-06 06:00:00,Sunday,6,0.032,0.171,0.065,0.000,0.037,0.000,0.305,goście
2026-09-06 07:00:00,Sunday,7,0.024,0.172,0.000,0.000,0.064,0.000,0.260,goście
2026-09-06 08:00:00,Sunday,8,0.022,0.200,0.000,0.000,0.057,0.000,0.279,goście
2026-09-06 09:00:00,Sunday,9,0.025,0.156,0.000,0.000,0.000,0.000,0.181,
2026-09-06 10:00:00,Sunday,10,0.028,0.128,0.000,0.000,0.000,0.000,0.156,
2026-09-06 11:00:00,Sunday,11,0.030,0.137,0.000,0.000,0.000,0.000,0.167,
2026-09-06 12:00:00,Sunday,12,0.028,0.096,0.000,0.000,0.000,0.000,0.124,
2026-09-06 13:00:00,Sunday,13,0.034,0.075,0.000,0.000,0.000,0.000,0.109,
2026-09-06 14:00:00,Sunday,14,0.035,0.068,0.000,0.000,0.000,0.000,0.103,
2026-09-06 15:00:00,Sunday,15,0.030,0.000,0.000,0.000,0.000,0.000,0.030,
2026-09-06 16:00:00,Sunday,16,0.021,0.000,0.000,0.000,0.000,0.000,0.021,
2026-09-06 17:00:00,Sunday,17,0.026,0.000,0.000,0.000,0.049,0.000,0.075,goście
2026-09-06 18:00:00,Sunday,18,0.033,0.000,0.000,0.648,0.062,0.000,0.743,goście
2026-09-06 19:00:00,Sunday,19,0.023,0.068,0.063,0.000,0.068,0.000,0.222,goście
2026-09-06 20:00:00,Sunday,20,0.025,0.099,0.056,0.000,0.060,0.000,0.240,goście
2026-09-06 21:00:00,Sunday,21,0.024,0.105,0.095,0.000,0.057,0.000,0.281,goście
2026-09-06 22:00:00,Sunday,22,0.028,0.086,0.094,0.000,0.038,0.000,0.246,goście
2026-09-06 23:00:00,Sunday,23,0.040,0.082,0.000,0.000,0.000,0.000,0.122,
2026-09-07 00:00:00,Monday,0,0.030,0.106,0.000,0.000,0.000,0.000,0.136,
2026-09-07 01:00:00,Monday,1,0.028,0.134,0.000,0.000,0.000,0.000,0.162,
2026-09-07 02:00:00,Monday,2,0.032,0.122,0.000,0.000,0.000,0.000,0.154,
2026-09-07 03:00:00,Monday,3,0.037,0.112,0.000,0.000,0.000,0.000,0.149,
2026-09-07 04:00:00,Monday,4,0.026,0.127,0.000,0.000,0.000,0.000,0.153,
2026-09-07 05:00:00,Monday,5,0.024,0.116,0.000,0.000,0.000,0.000,0.140,
2026-09-07 06:00:00,Monday,6,0.020,0.159,0.052,0.000,0.046,0.000,0.277,
2026-09-07 07:00:00,Monday,7,0.029,0.166,0.000,0.000,0.052,0.000,0.247,
2026-09-07 08:00:00,Monday,8,0.020,0.126,0.000,0.000,0.034,0.000,0.180,
2026-09-07 09:00:00,Monday,9,0.034,0.149,0.000,0.000,0.101,0.000,0.284,praca zdalna
2026-09-07 10:00:00,Monday,10,0.021,0.117,0.000,0.000,0.080,0.000,0.218,praca zdalna
2026-09-07 11:00:00,Monday,11,0.028,0.072,0.000,0.000,0.075,0.000,0.175,praca zdalna
2026-09-07 12:00:00,Monday,12,0.022,0.000,0.000,0.000,0.091,0.000,0.113,praca zdalna
2026-09-07 13:00:00,Monday,13,0.028,0.000,0.000,0.000,0.097,0.000,0.125,praca zdalna
2026-09-07 14:00:00,Monday,14,0.020,0.000,0.000,0.000,0.100,0.000,0.120,praca zdalna
2026-09-07 15:00:00,Monday,15,0.022,0.000,0.000,0.000,0.098,0.000,0.120,praca zdalna
2026-09-07 16:00:00,Monday,16,0.036,0.000,0.000,0.000,0.119,0.000,0.155,praca zdalna
2026-09-07 17:00:00,Monday,17,0.025,0.000,0.000,0.000,0.044,0.000,0.069,
2026-09-07 18:00:00,Monday,18,0.035,0.000,0.000,0.405,0.057,0.000,0.497,
2026-09-07 19:00:00,Monday,19,0.028,0.000,0.000,0.000,0.067,0.000,0.095,
2026-09-07 20:00:00,Monday,20,0.024,0.059,0.106,0.000,0.067,0.432,0.688,zmywarka
2026-09-07 21:00:00,Monday,21,0.034,0.073,0.091,0.000,0.060,0.000,0.258,
2026-09-07 22:00:00,Monday,22,0.030,0.000,0.087,0.000,0.034,0.000,0.151,
2026-09-07 23:00:00,Monday,23,0.027,0.000,0.000,0.000,0.000,0.000,0.027,
2026-09-08 00:00:00,Tuesday,0,0.032,0.000,0.000,0.000,0.000,0.000,0.032,
2026-09-08 01:00:00,Tuesday,1,0.022,0.000,0.000,0.000,0.000,0.000,0.022,
2026-09-08 02:00:00,Tuesday,2,0.031,0.000,0.000,0.000,0.000,0.000,0.031,
2026-09-08 03:00:00,Tuesday,3,0.033,0.000,0.000,0.000,0.000,0.000,0.033,
2026-09-08 04:00:00,Tuesday,4,0.032,0.000,0.000,0.000,0.000,0.000,0.032,
2026-09-08 05:00:00,Tuesday,5,0.025,0.000,0.000,0.000,0.000,0.000,0.025,
2026-09-08 06:00:00,Tuesday,6,0.029,0.087,0.080,0.000,0.038,0.000,0.234,
2026-09-08 07:00:00,Tuesday,7,0.028,0.101,0.000,0.000,0.038,0.000,0.167,
2026-09-08 08:00:00,Tuesday,8,0.028,0.104,0.000,0.000,0.035,0.000,0.167,
2026-09-08 09:00:00,Tuesday,9,0.026,0.086,0.000,0.000,0.120,0.000,0.232,praca zdalna
2026-09-08 10:00:00,Tuesday,10,0.028,0.081,0.000,0.000,0.140,0.329,0.578,praca zdalna; pralka
2026-09-08 11:00:00,Tuesday,11,0.033,0.067,0.000,0.000,0.082,0.000,0.182,praca zdalna
2026-09-08 12:00:00,Tuesday,12,0.020,0.074,0.000,0.000,0.114,0.000,0.208,praca zdalna
2026-09-08 13:00:00,Tuesday,13,0.035,0.000,0.000,0.000,0.105,0.000,0.140,praca zdalna
2026-09-08 14:00:00,Tuesday,14,0.029,0.000,0.000,0.000,0.139,0.000,0.168,praca zdalna
2026-09-08 15:00:00,Tuesday,15,0.021,0.000,0.000,0.000,0.110,0.000,0.131,praca zdalna
2026-09-08 16:00:00,Tuesday,16,0.025,0.000,0.000,0.000,0.126,0.000,0.151,praca zdalna
2026-09-08 17:00:00,Tuesday,17,0.028,0.114,0.000,0.000,0.056,0.000,0.198,
2026-09-08 18:00:00,Tuesday,18,0.024,0.180,0.000,0.288,0.064,0.000,0.556,
2026-09-08 19:00:00,Tuesday,19,0.029,0.164,0.056,0.000,0.047,0.398,0.694,zmywarka
2026-09-08 20:00:00,Tuesday,20,0.025,0.202,0.064,0.000,0.066,0.000,0.357,
2026-09-08 21:00:00,Tuesday,21,0.022,0.201,0.056,0.000,0.062,0.000,0.341,
2026-09-08 22:00:00,Tuesday,22,0.022,0.139,0.076,0.000,0.048,0.000,0.285,
2026-09-08 23:00:00,Tuesday,23,0.034,0.148,0.000,0.000,0.000,0.000,0.182,
2026-09-09 00:00:00,Wednesday,0,0.038,0.168,0.000,0.000,0.000,0.000,0.206,
2026-09-09 01:00:00,Wednesday,1,0.026,0.140,0.000,0.000,0.000,0.000,0.166,
2026-09-09 02:00:00,Wednesday,2,0.021,0.152,0.000,0.000,0.000,0.000,0.173,
2026-09-09 03:00:00,Wednesday,3,0.040,0.162,0.000,0.000,0.000,0.000,0.202,
2026-09-09 04:00:00,Wednesday,4,0.042,0.164,0.000,0.000,0.000,0.000,0.206,
2026-09-09 05:00:00,Wednesday,5,0.027,0.142,0.000,0.000,0.000,0.000,0.169,
2026-09-09 06:00:00,Wednesday,6,0.033,0.195,0.044,0.000,0.062,0.000,0.334,
2026-09-09 07:00:00,Wednesday,7,0.033,0.221,0.000,0.000,0.032,0.000,0.286,
2026-09-09 08:00:00,Wednesday,8,0.036,0.179,0.000,0.000,0.033,0.000,0.248,
2026-09-09 09:00:00,Wednesday,9,0.031,0.180,0.000,0.000,0.000,0.000,0.211,
2026-09-09 10:00:00,Wednesday,10,0.027,0.164,0.000,0.000,0.000,0.000,0.191,
2026-09-09 11:00:00,Wednesday,11,0.028,0.141,0.000,0.000,0.000,0.000,0.169,
2026-09-09 12:00:00,Wednesday,12,0.023,0.124,0.000,0.000,0.000,0.000,0.147,
2026-09-09 13:00:00,Wednesday,13,0.036,0.067,0.000,0.000,0.000,0.000,0.103,
2026-09-09 14:00:00,Wednesday,14,0.035,0.065,0.000,0.000,0.000,0.000,0.100,
2026-09-09 15:00:00,Wednesday,15,0.034,0.000,0.000,0.000,0.000,0.000,0.034,
2026-09-09 16:00:00,Wednesday,16,0.025,0.000,0.000,0.000,0.000,0.000,0.025,
2026-09-09 17:00:00,Wednesday,17,0.035,0.060,0.000,0.000,0.056,0.000,0.151,
2026-09-09 18:00:00,Wednesday,18,0.027,0.059,0.000,0.387,0.050,0.000,0.523,
2026-09-09 19:00:00,Wednesday,19,0.024,0.088,0.000,0.000,0.034,0.441,0.587,zmywarka
2026-09-09 20:00:00,Wednesday,20,0.021,0.152,0.050,0.000,0.065,0.000,0.288,
2026-09-09 21:00:00,Wednesday,21,0.031,0.167,0.108,0.000,0.031,0.000,0.337,
2026-09-09 22:00:00,Wednesday,22,0.030,0.146,0.112,0.000,0.045,0.000,0.333,
2026-09-09 23:00:00,Wednesday,23,0.030,0.184,0.000,0.000,0.000,0.000,0.214,
2026-09-10 00:00:00,Thursday,0,0.037,0.180,0.000,0.000,0.000,0.000,0.217,
2026-09-10 01:00:00,Thursday,1,0.029,0.211,0.000,0.000,0.000,0.000,0.240,
2026-09-10 02:00:00,Thursday,2,0.031,0.213,0.000,0.000,0.000,0.000,0.244,
2026-09-10 03:00:00,Thursday,3,0.034,0.249,0.000,0.000,0.000,0.000,0.283,
2026-09-10 04:00:00,Thursday,4,0.021,0.190,0.000,0.000,0.000,0.000,0.211,
2026-09-10 05:00:00,Thursday,5,0.034,0.208,0.000,0.000,0.000,0.000,0.242,
2026-09-10 06:00:00,Thursday,6,0.032,0.234,0.062,0.000,0.063,0.000,0.391,
2026-09-10 07:00:00,Thursday,7,0.025,0.242,0.000,0.000,0.045,0.000,0.312,
2026-09-10 08:00:00,Thursday,8,0.023,0.219,0.000,0.000,0.053,0.000,0.295,
2026-09-10 09:00:00,Thursday,9,0.030,0.220,0.000,0.000,0.000,0.000,0.250,
2026-09-10 10:00:00,Thursday,10,0.032,0.168,0.000,0.000,0.000,0.000,0.200,
2026-09-10 11:00:00,Thursday,11,0.032,0.164,0.000,0.000,0.000,0.000,0.196,
2026-09-10 12:00:00,Thursday,12,0.035,0.131,0.000,0.000,0.000,0.000,0.166,
2026-09-10 13:00:00,Thursday,13,0.036,0.097,0.000,0.000,0.000,0.000,0.133,
2026-09-10 14:00:00,Thursday,14,0.021,0.078,0.000,0.000,0.000,0.000,0.099,
2026-09-10 15:00:00,Thursday,15,0.029,0.058,0.000,0.000,0.000,0.000,0.087,
2026-09-10 16:00:00,Thursday,16,0.032,0.000,0.000,0.000,0.000,0.000,0.032,
2026-09-10 17:00:00,Thursday,17,0.027,0.074,0.000,0.679,0.036,0.000,0.816,
2026-09-10 18:00:00,Thursday,18,0.024,0.064,0.000,0.000,0.064,0.000,0.152,
2026-09-10 19:00:00,Thursday,19,0.034,0.109,0.000,0.000,0.045,0.324,0.512,zmywarka
2026-09-10 20:00:00,Thursday,20,0.033,0.170,0.072,0.000,0.036,0.000,0.311,
2026-09-10 21:00:00,Thursday,21,0.020,0.199,0.112,0.000,0.034,0.000,0.365,
2026-09-10 22:00:00,Thursday,22,0.026,0.153,0.045,0.000,0.064,0.000,0.288,
2026-09-10 23:00:00,Thursday,23,0.027,0.175,0.000,0.000,0.000,0.000,0.202,
2026-09-11 00:00:00,Friday,0,0.035,0.189,0.000,0.000,0.000,0.000,0.224,
2026-09-11 01:00:00,Friday,1,0.044,0.190,0.000,0.000,0.000,0.000,0.234,
2026-09-11 02:00:00,Friday,2,0.038,0.198,0.000,0.000,0.000,0.000,0.236,
2026-09-11 03:00:00,Friday,3,0.036,0.241,0.000,0.000,0.000,0.000,0.277,
2026-09-11 04:00:00,Friday,4,0.030,0.186,0.000,0.000,0.000,0.000,0.216,
2026-09-11 05:00:00,Friday,5,0.039,0.199,0.000,0.000,0.000,0.000,0.238,
2026-09-11 06:00:00,Friday,6,0.033,0.262,0.073,0.000,0.063,0.000,0.431,
2026-09-11 07:00:00,Friday,7,0.022,0.303,0.000,0.000,0.068,0.000,0.393,
2026-09-11 08:00:00,Friday,8,0.021,0.222,0.000,0.000,0.034,0.000,0.277,
2026-09-11 09:00:00,Friday,9,0.030,0.172,0.000,0.000,0.000,0.000,0.202,
2026-09-11 10:00:00,Friday,10,0.030,0.167,0.000,0.000,0.000,0.000,0.197,
2026-09-11 11:00:00,Friday,11,0.024,0.138,0.000,0.000,0.000,0.343,0.505,pralka
2026-09-11 12:00:00,Friday,12,0.023,0.086,0.000,0.000,0.000,0.000,0.109,
2026-09-11 13:00:00,Friday,13,0.036,0.064,0.000,0.000,0.000,0.000,0.100,
2026-09-11 14:00:00,Friday,14,0.035,0.077,0.000,0.000,0.000,0.000,0.112,
2026-09-11 15:00:00,Friday,15,0.020,0.088,0.000,0.000,0.000,0.000,0.108,
2026-09-11 16:00:00,Friday,16,0.030,0.072,0.000,0.000,0.000,0.000,0.102,
2026-09-11 17:00:00,Friday,17,0.036,0.070,0.000,0.256,0.065,0.000,0.427,
2026-09-11 18:00:00,Friday,18,0.031,0.065,0.000,0.000,0.063,0.000,0.159,
2026-09-11 19:00:00,Friday,19,0.030,0.109,0.084,0.000,0.041,0.373,0.637,zmywarka
2026-09-11 20:00:00,Friday,20,0.026,0.114,0.081,0.000,0.052,0.000,0.273,
2026-09-11 21:00:00,Friday,21,0.022,0.128,0.081,0.000,0.040,0.000,0.271,
2026-09-11 22:00:00,Friday,22,0.029,0.112,0.042,0.000,0.035,0.000,0.218,
2026-09-11 23:00:00,Friday,23,0.026,0.098,0.000,0.000,0.000,0.000,0.124,
2026-09-12 00:00:00,Saturday,0,0.030,0.101,0.000,0.000,0.000,0.000,0.131,
2026-09-12 01:00:00,Saturday,1,0.024,0.123,0.000,0.000,0.000,0.000,0.147,
2026-09-12 02:00:00,Saturday,2,0.023,0.107,0.000,0.000,0.000,0.000,0.130,
2026-09-12 03:00:00,Saturday,3,0.039,0.109,0.000,0.000,0.000,0.000,0.148,
2026-09-12 04:00:00,Saturday,4,0.031,0.105,0.000,0.000,0.000,0.000,0.136,
2026-09-12 05:00:00,Saturday,5,0.031,0.122,0.000,0.000,0.000,0.000,0.153,
2026-09-12 06:00:00,Saturday,6,0.034,0.179,0.090,0.000,0.045,0.000,0.348,
2026-09-12 07:00:00,Saturday,7,0.027,0.177,0.000,0.000,0.040,0.000,0.244,
2026-09-12 08:00:00,Saturday,8,0.029,0.136,0.000,0.000,0.060,0.000,0.225,
2026-09-12 09:00:00,Saturday,9,0.027,0.119,0.000,0.000,0.000,0.000,0.146,
2026-09-12 10:00:00,Saturday,10,0.024,0.124,0.000,0.000,0.000,0.260,0.408,pralka
2026-09-12 11:00:00,Saturday,11,0.025,0.080,0.000,0.000,0.000,0.000,0.105,
2026-09-12 12:00:00,Saturday,12,0.036,0.060,0.000,0.000,0.000,0.000,0.096,
2026-09-12 13:00:00,Saturday,13,0.034,0.058,0.000,0.000,0.000,0.370,0.462,zmywarka
2026-09-12 14:00:00,Saturday,14,0.022,0.000,0.000,0.000,0.000,0.000,0.022,
2026-09-12 15:00:00,Saturday,15,0.024,0.000,0.000,0.000,0.000,0.000,0.024,
2026-09-12 16:00:00,Saturday,16,0.030,0.000,0.000,0.000,0.000,0.000,0.030,
2026-09-12 17:00:00,Saturday,17,0.030,0.000,0.000,0.511,0.054,0.000,0.595,
2026-09-12 18:00:00,Saturday,18,0.027,0.071,0.000,0.000,0.066,0.000,0.164,
2026-09-12 19:00:00,Saturday,19,0.025,0.073,0.099,0.000,0.057,0.000,0.254,
2026-09-12 20:00:00,Saturday,20,0.033,0.088,0.094,0.000,0.048,0.000,0.263,
2026-09-12 21:00:00,Saturday,21,0.034,0.104,0.112,0.000,0.048,0.000,0.298,
2026-09-12 22:00:00,Saturday,22,0.023,0.118,0.110,0.000,0.031,0.000,0.282,
2026-09-12 23:00:00,Saturday,23,0.026,0.121,0.000,0.000,0.000,0.000,0.147,
2026-09-13 00:00:00,Sunday,0,0.036,0.135,0.000,0.000,0.000,0.000,0.171,
2026-09-13 01:00:00,Sunday,1,0.030,0.114,0.000,0.000,0.000,0.000,0.144,
2026-09-13 02:00:00,Sunday,2,0.032,0.128,0.000,0.000,0.000,0.000,0.160,
2026-09-13 03:00:00,Sunday,3,0.041,0.141,0.000,0.000,0.000,0.000,0.182,
2026-09-13 04:00:00,Sunday,4,0.030,0.150,0.000,0.000,0.000,0.000,0.180,
2026-09-13 05:00:00,Sunday,5,0.023,0.147,0.000,0.000,0.000,0.000,0.170,
2026-09-13 06:00:00,Sunday,6,0.024,0.147,0.115,0.000,0.060,0.000,0.346,
2026-09-13 07:00:00,Sunday,7,0.033,0.155,0.000,0.000,0.042,0.000,0.230,
2026-09-13 08:00:00,Sunday,8,0.028,0.148,0.000,0.000,0.061,0.000,0.237,
2026-09-13 09:00:00,Sunday,9,0.029,0.115,0.000,0.000,0.000,0.247,0.391,pralka
2026-09-13 10:00:00,Sunday,10,0.029,0.098,0.000,0.000,0.000,0.936,1.063,suszarka
2026-09-13 11:00:00,Sunday,11,0.024,0.089,0.000,0.000,0.000,0.000,0.113,
2026-09-13 12:00:00,Sunday,12,0.021,0.056,0.000,0.000,0.000,0.000,0.077,
2026-09-13 13:00:00,Sunday,13,0.033,0.000,0.000,0.000,0.000,0.392,0.425,zmywarka
2026-09-13 14:00:00,Sunday,14,0.032,0.000,0.000,0.000,0.000,0.000,0.032,
2026-09-13 15:00:00,Sunday,15,0.023,0.000,0.000,0.000,0.000,0.000,0.023,
2026-09-13 16:00:00,Sunday,16,0.032,0.000,0.000,0.000,0.000,0.000,0.032,
2026-09-13 17:00:00,Sunday,17,0.034,0.000,0.000,0.410,0.056,0.000,0.500,
2026-09-13 18:00:00,Sunday,18,0.022,0.000,0.000,0.000,0.036,0.000,0.058,
2026-09-13 19:00:00,Sunday,19,0.035,0.081,0.044,0.000,0.042,0.000,0.202,
2026-09-13 20:00:00,Sunday,20,0.022,0.119,0.100,0.000,0.037,0.000,0.278,
2026-09-13 21:00:00,Sunday,21,0.030,0.121,0.118,0.000,0.051,0.000,0.320,
2026-09-13 22:00:00,Sunday,22,0.022,0.093,0.110,0.000,0.061,0.000,0.286,
2026-09-13 23:00:00,Sunday,23,0.024,0.116,0.000,0.000,0.000,0.000,0.140,
2026-09-14 00:00:00,Monday,0,0.021,0.135,0.000,0.000,0.000,0.000,0.156,
2026-09-14 01:00:00,Monday,1,0.025,0.151,0.000,0.000,0.000,0.000,0.176,
2026-09-14 02:00:00,Monday,2,0.024,0.209,0.000,0.000,0.000,0.000,0.233,
2026-09-14 03:00:00,Monday,3,0.025,0.221,0.000,0.000,0.000,0.000,0.246,
2026-09-14 04:00:00,Monday,4,0.043,0.252,0.000,0.000,0.000,0.000,0.295,
2026-09-14 05:00:00,Monday,5,0.032,0.217,0.000,0.000,0.000,0.000,0.249,
2026-09-14 06:00:00,Monday,6,0.022,0.246,0.059,0.000,0.058,0.000,0.385,
2026-09-14 07:00:00,Monday,7,0.021,0.238,0.000,0.000,0.035,0.000,0.294,
2026-09-14 08:00:00,Monday,8,0.020,0.245,0.000,0.000,0.040,0.000,0.305,
2026-09-14 09:00:00,Monday,9,0.031,0.206,0.000,0.000,0.000,0.000,0.237,
2026-09-14 10:00:00,Monday,10,0.020,0.163,0.000,0.000,0.000,0.000,0.183,
2026-09-14 11:00:00,Monday,11,0.026,0.141,0.000,0.000,0.000,0.000,0.167,
2026-09-14 12:00:00,Monday,12,0.024,0.150,0.000,0.000,0.000,0.000,0.174,
2026-09-14 13:00:00,Monday,13,0.020,0.106,0.000,0.000,0.000,0.347,0.473,pralka
2026-09-14 14:00:00,Monday,14,0.025,0.082,0.000,0.000,0.000,0.601,0.708,suszarka
2026-09-14 15:00:00,Monday,15,0.022,0.097,0.000,0.000,0.000,0.000,0.119,
2026-09-14 16:00:00,Monday,16,0.028,0.104,0.000,0.000,0.000,0.000,0.132,
2026-09-14 17:00:00,Monday,17,0.030,0.080,0.000,0.000,0.070,0.000,0.180,
2026-09-14 18:00:00,Monday,18,0.035,0.116,0.000,0.439,0.040,0.000,0.630,
2026-09-14 19:00:00,Monday,19,0.034,0.114,0.058,0.000,0.054,0.443,0.703,zmywarka
2026-09-14 20:00:00,Monday,20,0.028,0.163,0.116,0.000,0.034,0.000,0.341,
2026-09-14 21:00:00,Monday,21,0.028,0.155,0.099,0.000,0.069,0.000,0.351,
2026-09-14 22:00:00,Monday,22,0.028,0.155,0.078,0.000,0.042,0.000,0.303,
2026-09-14 23:00:00,Monday,23,0.026,0.170,0.000,0.000,0.000,0.000,0.196,
2026-09-15 00:00:00,Tuesday,0,0.026,0.167,0.000,0.000,0.000,0.000,0.193,
2026-09-15 01:00:00,Tuesday,1,0.035,0.144,0.000,0.000,0.000,0.000,0.179,
2026-09-15 02:00:00,Tuesday,2,0.026,0.151,0.000,0.000,0.000,0.000,0.177,
2026-09-15 03:00:00,Tuesday,3,0.031,0.168,0.000,0.000,0.000,0.000,0.199,
2026-09-15 04:00:00,Tuesday,4,0.030,0.203,0.000,0.000,0.000,0.000,0.233,
2026-09-15 05:00:00,Tuesday,5,0.036,0.170,0.000,0.000,0.000,0.000,0.206,
2026-09-15 06:00:00,Tuesday,6,0.022,0.260,0.096,0.000,0.060,0.000,0.438,
2026-09-15 07:00:00,Tuesday,7,0.031,0.238,0.000,0.000,0.045,0.000,0.314,
2026-09-15 08:00:00,Tuesday,8,0.033,0.209,0.000,0.000,0.031,0.000,0.273,
2026-09-15 09:00:00,Tuesday,9,0.028,0.184,0.000,0.000,0.000,0.000,0.212,
2026-09-15 10:00:00,Tuesday,10,0.021,0.140,0.000,0.000,0.000,0.000,0.161,
2026-09-15 11:00:00,Tuesday,11,0.034,0.110,0.000,0.000,0.000,0.000,0.144,
2026-09-15 12:00:00,Tuesday,12,0.021,0.093,0.000,0.000,0.000,0.000,0.114,
2026-09-15 13:00:00,Tuesday,13,0.033,0.068,0.000,0.000,0.000,0.000,0.101,
2026-09-15 14:00:00,Tuesday,14,0.023,0.000,0.000,0.000,0.000,0.348,0.371,pralka
2026-09-15 15:00:00,Tuesday,15,0.034,0.000,0.000,0.000,0.000,0.000,0.034,
2026-09-15 16:00:00,Tuesday,16,0.024,0.000,0.000,0.000,0.000,0.000,0.024,
2026-09-15 17:00:00,Tuesday,17,0.021,0.069,0.000,0.591,0.030,0.000,0.711,
2026-09-15 18:00:00,Tuesday,18,0.028,0.062,0.000,0.000,0.032,0.000,0.122,
2026-09-15 19:00:00,Tuesday,19,0.022,0.063,0.091,0.000,0.058,0.474,0.708,zmywarka
2026-09-15 20:00:00,Tuesday,20,0.028,0.064,0.086,0.000,0.046,0.000,0.224,
2026-09-15 21:00:00,Tuesday,21,0.023,0.076,0.065,0.000,0.054,0.000,0.218,
2026-09-15 22:00:00,Tuesday,22,0.027,0.000,0.092,0.000,0.032,0.000,0.151,
2026-09-15 23:00:00,Tuesday,23,0.033,0.000,0.000,0.000,0.000,0.000,0.033,
2026-09-16 00:00:00,Wednesday,0,0.034,0.000,0.000,0.000,0.000,0.000,0.034,
2026-09-16 01:00:00,Wednesday,1,0.030,0.000,0.000,0.000,0.000,0.000,0.030,
2026-09-16 02:00:00,Wednesday,2,0.034,0.000,0.000,0.000,0.000,0.000,0.034,
2026-09-16 03:00:00,Wednesday,3,0.034,0.080,0.000,0.000,0.000,0.000,0.114,
2026-09-16 04:00:00,Wednesday,4,0.038,0.105,0.000,0.000,0.000,0.000,0.143,
2026-09-16 05:00:00,Wednesday,5,0.038,0.090,0.000,0.000,0.000,0.000,0.128,
2026-09-16 06:00:00,Wednesday,6,0.021,0.199,0.107,0.000,0.064,0.000,0.391,
2026-09-16 07:00:00,Wednesday,7,0.024,0.176,0.000,0.000,0.067,0.000,0.267,
2026-09-16 08:00:00,Wednesday,8,0.028,0.174,0.000,0.000,0.045,0.000,0.247,
2026-09-16 09:00:00,Wednesday,9,0.032,0.161,0.000,0.000,0.000,0.000,0.193,
2026-09-16 10:00:00,Wednesday,10,0.024,0.130,0.000,0.000,0.000,0.000,0.154,
2026-09-16 11:00:00,Wednesday,11,0.035,0.140,0.000,0.000,0.000,0.000,0.175,
2026-09-16 12:00:00,Wednesday,12,0.034,0.106,0.000,0.000,0.000,0.000,0.140,
2026-09-16 13:00:00,Wednesday,13,0.030,0.096,0.000,0.000,0.000,0.000,0.126,
2026-09-16 14:00:00,Wednesday,14,0.022,0.059,0.000,0.000,0.000,0.000,0.081,
2026-09-16 15:00:00,Wednesday,15,0.033,0.072,0.000,0.000,0.000,0.000,0.105,
2026-09-16 16:00:00,Wednesday,16,0.021,0.060,0.000,0.000,0.000,0.000,0.081,
2026-09-16 17:00:00,Wednesday,17,0.034,0.065,0.000,0.000,0.064,0.000,0.163,
2026-09-16 18:00:00,Wednesday,18,0.035,0.072,0.000,0.339,0.053,0.000,0.499,
2026-09-16 19:00:00,Wednesday,19,0.032,0.091,0.000,0.000,0.055,0.000,0.178,
2026-09-16 20:00:00,Wednesday,20,0.032,0.148,0.111,0.000,0.050,0.439,0.780,zmywarka
2026-09-16 21:00:00,Wednesday,21,0.022,0.155,0.044,0.000,0.067,0.000,0.288,
2026-09-16 22:00:00,Wednesday,22,0.032,0.139,0.114,0.000,0.054,0.000,0.339,
2026-09-16 23:00:00,Wednesday,23,0.031,0.162,0.000,0.000,0.000,0.000,0.193,
2026-09-17 00:00:00,Thursday,0,0.030,0.182,0.000,0.000,0.000,0.000,0.212,
2026-09-17 01:00:00,Thursday,1,0.033,0.162,0.000,0.000,0.000,0.000,0.195,
2026-09-17 02:00:00,Thursday,2,0.040,0.180,0.000,0.000,0.000,0.000,0.220,
2026-09-17 03:00:00,Thursday,3,0.028,0.250,0.000,0.000,0.000,0.000,0.278,
2026-09-17 04:00:00,Thursday,4,0.033,0.232,0.000,0.000,0.000,0.000,0.265,
2026-09-17 05:00:00,Thursday,5,0.032,0.245,0.000,0.000,0.000,0.000,0.277,
2026-09-17 06:00:00,Thursday,6,0.025,0.299,0.087,0.000,0.057,0.000,0.468,
2026-09-17 07:00:00,Thursday,7,0.035,0.272,0.000,0.000,0.059,0.000,0.366,
2026-09-17 08:00:00,Thursday,8,0.031,0.313,0.000,0.000,0.032,0.000,0.376,
2026-09-17 09:00:00,Thursday,9,0.029,0.233,0.000,0.000,0.000,0.000,0.262,
2026-09-17 10:00:00,Thursday,10,0.033,0.236,0.000,0.000,0.000,0.000,0.269,
2026-09-17 11:00:00,Thursday,11,0.025,0.144,0.000,0.000,0.000,0.000,0.169,
2026-09-17 12:00:00,Thursday,12,0.030,0.124,0.000,0.000,0.000,0.000,0.154,
2026-09-17 13:00:00,Thursday,13,0.034,0.114,0.000,0.000,0.000,0.000,0.148,
2026-09-17 14:00:00,Thursday,14,0.029,0.106,0.000,0.000,0.000,0.000,0.135,
2026-09-17 15:00:00,Thursday,15,0.024,0.126,0.000,0.000,0.000,0.000,0.150,
2026-09-17 16:00:00,Thursday,16,0.020,0.121,0.000,0.000,0.000,0.000,0.141,
2026-09-17 17:00:00,Thursday,17,0.036,0.146,0.000,0.317,0.044,0.000,0.543,
2026-09-17 18:00:00,Thursday,18,0.023,0.125,0.000,0.000,0.046,0.000,0.194,
2026-09-17 19:00:00,Thursday,19,0.021,0.147,0.106,0.000,0.066,0.000,0.340,
2026-09-17 20:00:00,Thursday,20,0.021,0.148,0.101,0.000,0.067,0.436,0.773,zmywarka
2026-09-17 21:00:00,Thursday,21,0.036,0.150,0.041,0.000,0.038,0.000,0.265,
2026-09-17 22:00:00,Thursday,22,0.028,0.104,0.082,0.000,0.037,0.000,0.251,
2026-09-17 23:00:00,Thursday,23,0.041,0.102,0.000,0.000,0.000,0.000,0.143,
2026-09-18 00:00:00,Friday,0,0.023,0.120,0.000,0.000,0.000,0.000,0.143,
2026-09-18 01:00:00,Friday,1,0.039,0.128,0.000,0.000,0.000,0.000,0.167,
2026-09-18 02:00:00,Friday,2,0.027,0.148,0.000,0.000,0.000,0.000,0.175,
2026-09-18 03:00:00,Friday,3,0.032,0.144,0.000,0.000,0.000,0.000,0.176,
2026-09-18 04:00:00,Friday,4,0.030,0.145,0.000,0.000,0.000,0.000,0.175,
2026-09-18 05:00:00,Friday,5,0.032,0.158,0.000,0.000,0.000,0.000,0.190,
2026-09-18 06:00:00,Friday,6,0.030,0.237,0.093,0.000,0.068,0.000,0.428,
2026-09-18 07:00:00,Friday,7,0.024,0.219,0.000,0.000,0.031,0.000,0.274,
2026-09-18 08:00:00,Friday,8,0.021,0.207,0.000,0.000,0.067,0.000,0.295,
2026-09-18 09:00:00,Friday,9,0.028,0.195,0.000,0.000,0.115,0.000,0.338,praca zdalna
2026-09-18 10:00:00,Friday,10,0.032,0.177,0.000,0.000,0.086,0.000,0.295,praca zdalna
2026-09-18 11:00:00,Friday,11,0.026,0.131,0.000,0.000,0.135,0.389,0.681,praca zdalna; pralka
2026-09-18 12:00:00,Friday,12,0.035,0.114,0.000,0.000,0.104,0.659,0.912,praca zdalna; suszarka
2026-09-18 13:00:00,Friday,13,0.026,0.113,0.000,0.000,0.122,0.000,0.261,praca zdalna
2026-09-18 14:00:00,Friday,14,0.023,0.081,0.000,0.000,0.118,0.000,0.222,praca zdalna
2026-09-18 15:00:00,Friday,15,0.023,0.080,0.000,0.000,0.116,0.000,0.219,praca zdalna
2026-09-18 16:00:00,Friday,16,0.035,0.112,0.000,0.000,0.097,0.000,0.244,praca zdalna
2026-09-18 17:00:00,Friday,17,0.035,0.107,0.000,0.358,0.045,0.000,0.545,
2026-09-18 18:00:00,Friday,18,0.032,0.140,0.000,0.000,0.063,0.000,0.235,
2026-09-18 19:00:00,Friday,19,0.034,0.153,0.059,0.000,0.052,0.451,0.749,zmywarka
2026-09-18 20:00:00,Friday,20,0.028,0.138,0.054,0.000,0.066,0.000,0.286,
2026-09-18 21:00:00,Friday,21,0.036,0.189,0.042,0.000,0.066,0.000,0.333,
2026-09-18 22:00:00,Friday,22,0.026,0.133,0.078,0.000,0.053,0.000,0.290,
2026-09-18 23:00:00,Friday,23,0.037,0.145,0.000,0.000,0.000,0.000,0.182,
2026-09-19 00:00:00,Saturday,0,0.044,0.153,0.000,0.000,0.000,0.000,0.197,
2026-09-19 01:00:00,Saturday,1,0.038,0.132,0.000,0.000,0.000,0.000,0.170,
2026-09-19 02:00:00,Saturday,2,0.034,0.165,0.000,0.000,0.000,0.000,0.199,
2026-09-19 03:00:00,Saturday,3,0.030,0.135,0.000,0.000,0.000,0.000,0.165,
2026-09-19 04:00:00,Saturday,4,0.035,0.163,0.000,0.000,0.000,0.000,0.198,
2026-09-19 05:00:00,Saturday,5,0.034,0.131,0.000,0.000,0.000,0.000,0.165,
2026-09-19 06:00:00,Saturday,6,0.028,0.182,0.080,0.000,0.049,0.000,0.339,
2026-09-19 07:00:00,Saturday,7,0.032,0.200,0.000,0.000,0.060,0.000,0.292,
2026-09-19 08:00:00,Saturday,8,0.022,0.216,0.000,0.000,0.062,0.000,0.300,
2026-09-19 09:00:00,Saturday,9,0.021,0.169,0.000,0.000,0.000,0.303,0.493,pralka
2026-09-19 10:00:00,Saturday,10,0.020,0.158,0.000,0.000,0.000,0.915,1.093,suszarka
2026-09-19 11:00:00,Saturday,11,0.035,0.166,0.000,0.000,0.000,0.000,0.201,
2026-09-19 12:00:00,Saturday,12,0.031,0.154,0.000,0.000,0.000,0.000,0.185,
2026-09-19 13:00:00,Saturday,13,0.028,0.124,0.000,0.000,0.000,0.372,0.524,zmywarka
2026-09-19 14:00:00,Saturday,14,0.030,0.116,0.000,0.000,0.000,0.000,0.146,
2026-09-19 15:00:00,Saturday,15,0.030,0.096,0.000,0.000,0.000,0.000,0.126,
2026-09-19 16:00:00,Saturday,16,0.031,0.088,0.000,0.000,0.000,0.000,0.119,
2026-09-19 17:00:00,Saturday,17,0.020,0.108,0.000,0.000,0.058,0.000,0.186,
2026-09-19 18:00:00,Saturday,18,0.028,0.102,0.000,0.526,0.060,0.000,0.716,
2026-09-19 19:00:00,Saturday,19,0.031,0.110,0.059,0.000,0.034,0.000,0.234,
2026-09-19 20:00:00,Saturday,20,0.029,0.134,0.087,0.000,0.067,0.000,0.317,
2026-09-19 21:00:00,Saturday,21,0.026,0.131,0.101,0.000,0.040,0.000,0.298,
2026-09-19 22:00:00,Saturday,22,0.023,0.083,0.085,0.000,0.044,0.000,0.235,
2026-09-19 23:00:00,Saturday,23,0.024,0.074,0.000,0.000,0.000,0.000,0.098,
2026-09-20 00:00:00,Sunday,0,0.035,0.000,0.000,0.000,0.000,0.000,0.035,wyjazd / nieobecność
2026-09-20 01:00:00,Sunday,1,0.033,0.000,0.000,0.000,0.000,0.000,0.033,wyjazd / nieobecność
2026-09-20 02:00:00,Sunday,2,0.031,0.000,0.000,0.000,0.000,0.000,0.031,wyjazd / nieobecność
2026-09-20 03:00:00,Sunday,3,0.032,0.000,0.000,0.000,0.000,0.000,0.032,wyjazd / nieobecność
2026-09-20 04:00:00,Sunday,4,0.034,0.000,0.000,0.000,0.000,0.000,0.034,wyjazd / nieobecność
2026-09-20 05:00:00,Sunday,5,0.023,0.064,0.000,0.000,0.000,0.000,0.087,wyjazd / nieobecność
2026-09-20 06:00:00,Sunday,6,0.027,0.068,0.000,0.000,0.000,0.000,0.095,wyjazd / nieobecność
2026-09-20 07:00:00,Sunday,7,0.022,0.082,0.000,0.000,0.000,0.000,0.104,wyjazd / nieobecność
2026-09-20 08:00:00,Sunday,8,0.028,0.066,0.000,0.000,0.000,0.000,0.094,wyjazd / nieobecność
2026-09-20 09:00:00,Sunday,9,0.024,0.000,0.000,0.000,0.000,0.000,0.024,wyjazd / nieobecność
2026-09-20 10:00:00,Sunday,10,0.032,0.000,0.000,0.000,0.000,0.000,0.032,wyjazd / nieobecność
2026-09-20 11:00:00,Sunday,11,0.025,0.000,0.000,0.000,0.000,0.000,0.025,wyjazd / nieobecność
2026-09-20 12:00:00,Sunday,12,0.021,0.000,0.000,0.000,0.000,0.000,0.021,wyjazd / nieobecność
2026-09-20 13:00:00,Sunday,13,0.034,0.000,0.000,0.000,0.000,0.000,0.034,wyjazd / nieobecność
2026-09-20 14:00:00,Sunday,14,0.020,0.000,0.000,0.000,0.000,0.000,0.020,wyjazd / nieobecność
2026-09-20 15:00:00,Sunday,15,0.020,0.000,0.000,0.000,0.000,0.000,0.020,wyjazd / nieobecność
2026-09-20 16:00:00,Sunday,16,0.021,0.000,0.000,0.000,0.000,0.000,0.021,wyjazd / nieobecność
2026-09-20 17:00:00,Sunday,17,0.033,0.000,0.000,0.000,0.000,0.000,0.033,wyjazd / nieobecność
2026-09-20 18:00:00,Sunday,18,0.032,0.000,0.000,0.000,0.000,0.000,0.032,wyjazd / nieobecność
2026-09-20 19:00:00,Sunday,19,0.024,0.000,0.000,0.000,0.000,0.000,0.024,wyjazd / nieobecność
2026-09-20 20:00:00,Sunday,20,0.029,0.085,0.000,0.000,0.000,0.000,0.114,wyjazd / nieobecność
2026-09-20 21:00:00,Sunday,21,0.022,0.089,0.000,0.000,0.000,0.000,0.111,wyjazd / nieobecność
2026-09-20 22:00:00,Sunday,22,0.033,0.105,0.000,0.000,0.000,0.000,0.138,wyjazd / nieobecność
2026-09-20 23:00:00,Sunday,23,0.022,0.089,0.000,0.000,0.000,0.000,0.111,wyjazd / nieobecność
2026-09-21 00:00:00,Monday,0,0.034,0.145,0.000,0.000,0.000,0.000,0.179,
2026-09-21 01:00:00,Monday,1,0.040,0.169,0.000,0.000,0.000,0.000,0.209,
2026-09-21 02:00:00,Monday,2,0.028,0.172,0.000,0.000,0.000,0.000,0.200,
2026-09-21 03:00:00,Monday,3,0.030,0.178,0.000,0.000,0.000,0.000,0.208,
2026-09-21 04:00:00,Monday,4,0.032,0.214,0.000,0.000,0.000,0.000,0.246,
2026-09-21 05:00:00,Monday,5,0.038,0.201,0.000,0.000,0.000,0.000,0.239,
2026-09-21 06:00:00,Monday,6,0.036,0.207,0.096,0.000,0.066,0.000,0.405,
2026-09-21 07:00:00,Monday,7,0.024,0.267,0.000,0.000,0.048,0.000,0.339,
2026-09-21 08:00:00,Monday,8,0.024,0.209,0.000,0.000,0.050,0.000,0.283,
2026-09-21 09:00:00,Monday,9,0.030,0.241,0.000,0.000,0.000,0.000,0.271,
2026-09-21 10:00:00,Monday,10,0.036,0.227,0.000,0.000,0.000,0.000,0.263,
2026-09-21 11:00:00,Monday,11,0.023,0.184,0.000,0.000,0.000,0.000,0.207,
2026-09-21 12:00:00,Monday,12,0.028,0.184,0.000,0.000,0.000,0.000,0.212,
2026-09-21 13:00:00,Monday,13,0.032,0.175,0.000,0.000,0.000,0.304,0.511,pralka
2026-09-21 14:00:00,Monday,14,0.034,0.154,0.000,0.000,0.000,0.996,1.184,suszarka
2026-09-21 15:00:00,Monday,15,0.025,0.118,0.000,0.000,0.000,0.000,0.143,
2026-09-21 16:00:00,Monday,16,0.021,0.136,0.000,0.000,0.000,0.000,0.157,
2026-09-21 17:00:00,Monday,17,0.032,0.127,0.000,0.000,0.067,0.000,0.226,
2026-09-21 18:00:00,Monday,18,0.020,0.136,0.000,0.387,0.053,0.000,0.596,
2026-09-21 19:00:00,Monday,19,0.032,0.187,0.000,0.000,0.049,0.333,0.601,zmywarka
2026-09-21 20:00:00,Monday,20,0.032,0.216,0.101,0.000,0.066,0.000,0.415,
2026-09-21 21:00:00,Monday,21,0.026,0.223,0.082,0.000,0.063,0.000,0.394,
2026-09-21 22:00:00,Monday,22,0.031,0.205,0.069,0.000,0.035,0.000,0.340,
2026-09-21 23:00:00,Monday,23,0.030,0.215,0.000,0.000,0.000,0.000,0.245,
2026-09-22 00:00:00,Tuesday,0,0.035,0.235,0.000,0.000,0.000,0.000,0.270,
2026-09-22 01:00:00,Tuesday,1,0.024,0.211,0.000,0.000,0.000,0.000,0.235,
2026-09-22 02:00:00,Tuesday,2,0.027,0.200,0.000,0.000,0.000,0.000,0.227,
2026-09-22 03:00:00,Tuesday,3,0.025,0.188,0.000,0.000,0.000,0.000,0.213,
2026-09-22 04:00:00,Tuesday,4,0.031,0.200,0.000,0.000,0.000,0.000,0.231,
2026-09-22 05:00:00,Tuesday,5,0.041,0.223,0.000,0.000,0.000,0.000,0.264,
2026-09-22 06:00:00,Tuesday,6,0.030,0.318,0.103,0.000,0.063,0.000,0.514,
2026-09-22 07:00:00,Tuesday,7,0.026,0.327,0.000,0.000,0.036,0.000,0.389,
2026-09-22 08:00:00,Tuesday,8,0.023,0.306,0.000,0.000,0.046,0.000,0.375,
2026-09-22 09:00:00,Tuesday,9,0.034,0.225,0.000,0.000,0.106,0.000,0.365,praca zdalna
2026-09-22 10:00:00,Tuesday,10,0.031,0.240,0.000,0.000,0.103,0.000,0.374,praca zdalna
2026-09-22 11:00:00,Tuesday,11,0.035,0.166,0.000,0.000,0.121,0.319,0.641,praca zdalna; pralka
2026-09-22 12:00:00,Tuesday,12,0.032,0.125,0.000,0.000,0.110,0.990,1.257,praca zdalna; suszarka
2026-09-22 13:00:00,Tuesday,13,0.027,0.109,0.000,0.000,0.113,0.000,0.249,praca zdalna
2026-09-22 14:00:00,Tuesday,14,0.023,0.089,0.000,0.000,0.095,0.000,0.207,praca zdalna
2026-09-22 15:00:00,Tuesday,15,0.021,0.086,0.000,0.000,0.129,0.000,0.236,praca zdalna
2026-09-22 16:00:00,Tuesday,16,0.029,0.072,0.000,0.000,0.116,0.000,0.217,praca zdalna
2026-09-22 17:00:00,Tuesday,17,0.026,0.072,0.000,0.386,0.056,0.000,0.540,
2026-09-22 18:00:00,Tuesday,18,0.027,0.074,0.000,0.000,0.052,0.000,0.153,
2026-09-22 19:00:00,Tuesday,19,0.033,0.098,0.000,0.000,0.064,0.000,0.195,
2026-09-22 20:00:00,Tuesday,20,0.021,0.142,0.062,0.000,0.067,0.447,0.739,zmywarka
2026-09-22 21:00:00,Tuesday,21,0.031,0.175,0.078,0.000,0.067,0.000,0.351,
2026-09-22 22:00:00,Tuesday,22,0.024,0.135,0.048,0.000,0.041,0.000,0.248,
2026-09-22 23:00:00,Tuesday,23,0.030,0.167,0.000,0.000,0.000,0.000,0.197,
2026-09-23 00:00:00,Wednesday,0,0.032,0.143,0.000,0.000,0.000,0.000,0.175,
2026-09-23 01:00:00,Wednesday,1,0.028,0.150,0.000,0.000,0.000,0.000,0.178,
2026-09-23 02:00:00,Wednesday,2,0.036,0.174,0.000,0.000,0.000,0.000,0.210,
2026-09-23 03:00:00,Wednesday,3,0.024,0.146,0.000,0.000,0.000,0.000,0.170,
2026-09-23 04:00:00,Wednesday,4,0.032,0.159,0.000,0.000,0.000,0.000,0.191,
2026-09-23 05:00:00,Wednesday,5,0.029,0.168,0.000,0.000,0.000,0.000,0.197,
2026-09-23 06:00:00,Wednesday,6,0.035,0.269,0.042,0.000,0.033,0.000,0.379,
2026-09-23 07:00:00,Wednesday,7,0.029,0.261,0.000,0.000,0.058,0.000,0.348,
2026-09-23 08:00:00,Wednesday,8,0.030,0.213,0.000,0.000,0.062,0.000,0.305,
2026-09-23 09:00:00,Wednesday,9,0.035,0.193,0.000,0.000,0.000,0.000,0.228,
2026-09-23 10:00:00,Wednesday,10,0.029,0.163,0.000,0.000,0.000,0.331,0.523,pralka
2026-09-23 11:00:00,Wednesday,11,0.023,0.176,0.000,0.000,0.000,0.943,1.142,suszarka
2026-09-23 12:00:00,Wednesday,12,0.034,0.154,0.000,0.000,0.000,0.000,0.188,
2026-09-23 13:00:00,Wednesday,13,0.026,0.153,0.000,0.000,0.000,0.000,0.179,
2026-09-23 14:00:00,Wednesday,14,0.028,0.129,0.000,0.000,0.000,0.000,0.157,
2026-09-23 15:00:00,Wednesday,15,0.022,0.119,0.000,0.000,0.000,0.000,0.141,
2026-09-23 16:00:00,Wednesday,16,0.027,0.099,0.000,0.000,0.000,0.000,0.126,
2026-09-23 17:00:00,Wednesday,17,0.026,0.106,0.000,0.408,0.055,0.000,0.595,
2026-09-23 18:00:00,Wednesday,18,0.022,0.119,0.000,0.000,0.050,0.000,0.191,
2026-09-23 19:00:00,Wednesday,19,0.027,0.149,0.050,0.000,0.059,0.380,0.665,zmywarka
2026-09-23 20:00:00,Wednesday,20,0.030,0.136,0.075,0.000,0.060,0.000,0.301,
2026-09-23 21:00:00,Wednesday,21,0.034,0.162,0.049,0.000,0.034,0.000,0.279,
2026-09-23 22:00:00,Wednesday,22,0.028,0.131,0.078,0.000,0.048,0.000,0.285,
2026-09-23 23:00:00,Wednesday,23,0.022,0.125,0.000,0.000,0.000,0.000,0.147,
2026-09-24 00:00:00,Thursday,0,0.025,0.080,0.000,0.000,0.000,0.000,0.105,wyjazd / nieobecność
2026-09-24 01:00:00,Thursday,1,0.029,0.113,0.000,0.000,0.000,0.000,0.142,wyjazd / nieobecność
2026-09-24 02:00:00,Thursday,2,0.033,0.108,0.000,0.000,0.000,0.000,0.141,wyjazd / nieobecność
2026-09-24 03:00:00,Thursday,3,0.030,0.131,0.000,0.000,0.000,0.000,0.161,wyjazd / nieobecność
2026-09-24 04:00:00,Thursday,4,0.029,0.128,0.000,0.000,0.000,0.000,0.157,wyjazd / nieobecność
2026-09-24 05:00:00,Thursday,5,0.036,0.126,0.000,0.000,0.000,0.000,0.162,wyjazd / nieobecność
2026-09-24 06:00:00,Thursday,6,0.024,0.104,0.000,0.000,0.000,0.000,0.128,wyjazd / nieobecność
2026-09-24 07:00:00,Thursday,7,0.028,0.143,0.000,0.000,0.000,0.000,0.171,wyjazd / nieobecność
2026-09-24 08:00:00,Thursday,8,0.024,0.121,0.000,0.000,0.000,0.000,0.145,wyjazd / nieobecność
2026-09-24 09:00:00,Thursday,9,0.031,0.124,0.000,0.000,0.000,0.000,0.155,wyjazd / nieobecność
2026-09-24 10:00:00,Thursday,10,0.026,0.093,0.000,0.000,0.000,0.000,0.119,wyjazd / nieobecność
2026-09-24 11:00:00,Thursday,11,0.028,0.084,0.000,0.000,0.000,0.000,0.112,wyjazd / nieobecność
2026-09-24 12:00:00,Thursday,12,0.035,0.071,0.000,0.000,0.000,0.000,0.106,wyjazd / nieobecność
2026-09-24 13:00:00,Thursday,13,0.025,0.000,0.000,0.000,0.000,0.000,0.025,wyjazd / nieobecność
2026-09-24 14:00:00,Thursday,14,0.034,0.000,0.000,0.000,0.000,0.000,0.034,wyjazd / nieobecność
2026-09-24 15:00:00,Thursday,15,0.035,0.000,0.000,0.000,0.000,0.000,0.035,wyjazd / nieobecność
2026-09-24 16:00:00,Thursday,16,0.029,0.000,0.000,0.000,0.000,0.000,0.029,wyjazd / nieobecność
2026-09-24 17:00:00,Thursday,17,0.024,0.000,0.000,0.000,0.000,0.000,0.024,wyjazd / nieobecność
2026-09-24 18:00:00,Thursday,18,0.033,0.000,0.000,0.000,0.000,0.000,0.033,wyjazd / nieobecność
2026-09-24 19:00:00,Thursday,19,0.030,0.000,0.000,0.000,0.000,0.000,0.030,wyjazd / nieobecność
2026-09-24 20:00:00,Thursday,20,0.034,0.000,0.000,0.000,0.000,0.000,0.034,wyjazd / nieobecność
2026-09-24 21:00:00,Thursday,21,0.036,0.000,0.000,0.000,0.000,0.000,0.036,wyjazd / nieobecność
2026-09-24 22:00:00,Thursday,22,0.022,0.090,0.000,0.000,0.000,0.000,0.112,wyjazd / nieobecność
2026-09-24 23:00:00,Thursday,23,0.028,0.093,0.000,0.000,0.000,0.000,0.121,wyjazd / nieobecność
2026-09-25 00:00:00,Friday,0,0.027,0.177,0.000,0.000,0.000,0.000,0.204,
2026-09-25 01:00:00,Friday,1,0.035,0.189,0.000,0.000,0.000,0.000,0.224,
2026-09-25 02:00:00,Friday,2,0.029,0.224,0.000,0.000,0.000,0.000,0.253,
2026-09-25 03:00:00,Friday,3,0.033,0.214,0.000,0.000,0.000,0.000,0.247,
2026-09-25 04:00:00,Friday,4,0.031,0.168,0.000,0.000,0.000,0.000,0.199,
2026-09-25 05:00:00,Friday,5,0.026,0.190,0.000,0.000,0.000,0.000,0.216,
2026-09-25 06:00:00,Friday,6,0.020,0.204,0.074,0.000,0.044,0.000,0.342,
2026-09-25 07:00:00,Friday,7,0.022,0.246,0.000,0.000,0.030,0.000,0.298,
2026-09-25 08:00:00,Friday,8,0.035,0.268,0.000,0.000,0.047,0.000,0.350,
2026-09-25 09:00:00,Friday,9,0.025,0.225,0.000,0.000,0.000,0.000,0.250,
2026-09-25 10:00:00,Friday,10,0.025,0.245,0.000,0.000,0.000,0.000,0.270,
2026-09-25 11:00:00,Friday,11,0.029,0.239,0.000,0.000,0.000,0.000,0.268,
2026-09-25 12:00:00,Friday,12,0.028,0.156,0.000,0.000,0.000,0.000,0.184,
2026-09-25 13:00:00,Friday,13,0.027,0.149,0.000,0.000,0.000,0.000,0.176,
2026-09-25 14:00:00,Friday,14,0.031,0.140,0.000,0.000,0.000,0.000,0.171,
2026-09-25 15:00:00,Friday,15,0.026,0.107,0.000,0.000,0.000,0.000,0.133,
2026-09-25 16:00:00,Friday,16,0.023,0.092,0.000,0.000,0.000,0.000,0.115,
2026-09-25 17:00:00,Friday,17,0.022,0.116,0.000,0.255,0.051,0.000,0.444,
2026-09-25 18:00:00,Friday,18,0.034,0.104,0.000,0.000,0.042,0.000,0.180,
2026-09-25 19:00:00,Friday,19,0.030,0.117,0.000,0.000,0.038,0.454,0.639,zmywarka
2026-09-25 20:00:00,Friday,20,0.028,0.168,0.089,0.000,0.055,0.000,0.340,
2026-09-25 21:00:00,Friday,21,0.028,0.161,0.040,0.000,0.056,0.000,0.285,
2026-09-25 22:00:00,Friday,22,0.028,0.140,0.054,0.000,0.057,0.000,0.279,
2026-09-25 23:00:00,Friday,23,0.044,0.186,0.000,0.000,0.000,0.000,0.230,
2026-09-26 00:00:00,Saturday,0,0.034,0.198,0.000,0.000,0.000,0.000,0.232,
2026-09-26 01:00:00,Saturday,1,0.030,0.185,0.000,0.000,0.000,0.000,0.215,
2026-09-26 02:00:00,Saturday,2,0.032,0.216,0.000,0.000,0.000,0.000,0.248,
2026-09-26 03:00:00,Saturday,3,0.026,0.224,0.000,0.000,0.000,0.000,0.250,
2026-09-26 04:00:00,Saturday,4,0.028,0.232,0.000,0.000,0.000,0.000,0.260,
2026-09-26 05:00:00,Saturday,5,0.040,0.222,0.000,0.000,0.000,0.000,0.262,
2026-09-26 06:00:00,Saturday,6,0.024,0.220,0.115,0.000,0.031,0.000,0.390,goście
2026-09-26 07:00:00,Saturday,7,0.030,0.244,0.000,0.000,0.052,0.000,0.326,goście
2026-09-26 08:00:00,Saturday,8,0.026,0.197,0.000,0.000,0.058,0.000,0.281,goście
2026-09-26 09:00:00,Saturday,9,0.028,0.194,0.000,0.000,0.000,0.000,0.222,
2026-09-26 10:00:00,Saturday,10,0.030,0.181,0.000,0.000,0.000,0.339,0.550,pralka
2026-09-26 11:00:00,Saturday,11,0.031,0.151,0.000,0.000,0.000,0.000,0.182,
2026-09-26 12:00:00,Saturday,12,0.022,0.110,0.000,0.000,0.000,0.000,0.132,
2026-09-26 13:00:00,Saturday,13,0.035,0.099,0.000,0.000,0.000,0.000,0.134,
2026-09-26 14:00:00,Saturday,14,0.021,0.085,0.000,0.000,0.000,0.367,0.473,zmywarka
2026-09-26 15:00:00,Saturday,15,0.023,0.080,0.000,0.000,0.000,0.000,0.103,
2026-09-26 16:00:00,Saturday,16,0.025,0.100,0.000,0.000,0.000,0.000,0.125,
2026-09-26 17:00:00,Saturday,17,0.033,0.096,0.000,0.373,0.045,0.000,0.547,goście
2026-09-26 18:00:00,Saturday,18,0.032,0.108,0.000,0.000,0.063,0.000,0.203,goście
2026-09-26 19:00:00,Saturday,19,0.021,0.138,0.000,0.000,0.034,0.000,0.193,goście
2026-09-26 20:00:00,Saturday,20,0.027,0.149,0.043,0.000,0.058,0.000,0.277,goście
2026-09-26 21:00:00,Saturday,21,0.035,0.193,0.096,0.000,0.045,0.000,0.369,goście
2026-09-26 22:00:00,Saturday,22,0.026,0.155,0.064,0.000,0.044,0.000,0.289,goście
2026-09-26 23:00:00,Saturday,23,0.029,0.226,0.000,0.000,0.000,0.000,0.255,
2026-09-27 00:00:00,Sunday,0,0.028,0.241,0.000,0.000,0.000,0.000,0.269,
2026-09-27 01:00:00,Sunday,1,0.029,0.226,0.000,0.000,0.000,0.000,0.255,
2026-09-27 02:00:00,Sunday,2,0.032,0.240,0.000,0.000,0.000,0.000,0.272,
2026-09-27 03:00:00,Sunday,3,0.035,0.262,0.000,0.000,0.000,0.000,0.297,
2026-09-27 04:00:00,Sunday,4,0.034,0.250,0.000,0.000,0.000,0.000,0.284,
2026-09-27 05:00:00,Sunday,5,0.028,0.268,0.000,0.000,0.000,0.000,0.296,
2026-09-27 06:00:00,Sunday,6,0.026,0.311,0.077,0.000,0.060,0.000,0.474,
2026-09-27 07:00:00,Sunday,7,0.030,0.385,0.000,0.000,0.068,0.000,0.483,
2026-09-27 08:00:00,Sunday,8,0.029,0.337,0.000,0.000,0.031,0.000,0.397,
2026-09-27 09:00:00,Sunday,9,0.032,0.230,0.000,0.000,0.000,0.000,0.262,
2026-09-27 10:00:00,Sunday,10,0.030,0.201,0.000,0.000,0.000,0.000,0.231,
2026-09-27 11:00:00,Sunday,11,0.029,0.182,0.000,0.000,0.000,0.000,0.211,
2026-09-27 12:00:00,Sunday,12,0.031,0.140,0.000,0.000,0.000,0.000,0.171,
2026-09-27 13:00:00,Sunday,13,0.027,0.111,0.000,0.000,0.000,0.373,0.511,zmywarka
2026-09-27 14:00:00,Sunday,14,0.026,0.121,0.000,0.000,0.000,0.000,0.147,
2026-09-27 15:00:00,Sunday,15,0.036,0.116,0.000,0.000,0.000,0.000,0.152,
2026-09-27 16:00:00,Sunday,16,0.033,0.108,0.000,0.000,0.000,0.000,0.141,
2026-09-27 17:00:00,Sunday,17,0.026,0.112,0.000,0.507,0.061,0.000,0.706,
2026-09-27 18:00:00,Sunday,18,0.020,0.133,0.000,0.000,0.040,0.000,0.193,
2026-09-27 19:00:00,Sunday,19,0.031,0.176,0.000,0.000,0.059,0.000,0.266,
2026-09-27 20:00:00,Sunday,20,0.034,0.180,0.078,0.000,0.044,0.000,0.336,
2026-09-27 21:00:00,Sunday,21,0.032,0.178,0.066,0.000,0.045,0.000,0.321,
2026-09-27 22:00:00,Sunday,22,0.035,0.166,0.090,0.000,0.061,0.000,0.352,
2026-09-27 23:00:00,Sunday,23,0.025,0.115,0.000,0.000,0.000,0.000,0.140,
2026-09-28 00:00:00,Monday,0,0.033,0.108,0.000,0.000,0.000,0.000,0.141,
2026-09-28 01:00:00,Monday,1,0.028,0.104,0.000,0.000,0.000,0.000,0.132,
2026-09-28 02:00:00,Monday,2,0.032,0.132,0.000,0.000,0.000,0.000,0.164,
2026-09-28 03:00:00,Monday,3,0.026,0.130,0.000,0.000,0.000,0.000,0.156,
2026-09-28 04:00:00,Monday,4,0.035,0.131,0.000,0.000,0.000,0.000,0.166,
2026-09-28 05:00:00,Monday,5,0.034,0.132,0.000,0.000,0.000,0.000,0.166,
2026-09-28 06:00:00,Monday,6,0.025,0.180,0.081,0.000,0.064,0.000,0.350,
2026-09-28 07:00:00,Monday,7,0.023,0.178,0.000,0.000,0.056,0.000,0.257,
2026-09-28 08:00:00,Monday,8,0.029,0.183,0.000,0.000,0.038,0.000,0.250,
2026-09-28 09:00:00,Monday,9,0.035,0.172,0.000,0.000,0.000,0.000,0.207,
2026-09-28 10:00:00,Monday,10,0.020,0.149,0.000,0.000,0.000,0.000,0.169,
2026-09-28 11:00:00,Monday,11,0.022,0.126,0.000,0.000,0.000,0.000,0.148,
2026-09-28 12:00:00,Monday,12,0.021,0.129,0.000,0.000,0.000,0.276,0.426,pralka
2026-09-28 13:00:00,Monday,13,0.036,0.111,0.000,0.000,0.000,0.686,0.833,suszarka
2026-09-28 14:00:00,Monday,14,0.022,0.093,0.000,0.000,0.000,0.000,0.115,
2026-09-28 15:00:00,Monday,15,0.036,0.082,0.000,0.000,0.000,0.000,0.118,
2026-09-28 16:00:00,Monday,16,0.027,0.074,0.000,0.000,0.000,0.000,0.101,
2026-09-28 17:00:00,Monday,17,0.028,0.077,0.000,0.000,0.059,0.000,0.164,
